#ifndef BANGLA_FALLBACK_FONT_H
#define BANGLA_FALLBACK_FONT_H

#include <Arduino.h>

// ============================================================
// ============================================================
// Bangla fallback font (independent glyphs, NO contextual shaping)
// Covers Bangla Unicode block U+0980-U+09FF. Used only when text
// does not match one of the predefined bitmaps or a known cluster/
// conjunct - e.g. bare consonants, independent vowels, digits.
// ============================================================
#define BN_GLYPH_FIRST 0x0980
#define BN_GLYPH_LAST  0x09FF
#define BN_GLYPH_COUNT 128

const uint8_t bnGlyphBitmap[4092] PROGMEM = {
  0x0F,0x00,0x3F,0x00,0x31,0x80,0x61,0x80,0x61,0x80,0x6F,0x80,0x7F,0x80,0x3F,0x80,
  0x01,0x80,0x01,0x80,0x01,0x80,0x01,0x80,0x00,0xC0,0x00,0x00,0x00,0x00,0x6D,0x00,
  0x21,0x00,0x33,0x00,0x1E,0x00,0x00,0x00,0x00,0x00,0x00,0x00,0x00,0x00,0x04,0x00,
  0x21,0x00,0x00,0x00,0x40,0x80,0x00,0x00,0x00,0x00,0x21,0x00,0x04,0x00,0x00,0x00,
  0x00,0x00,0x00,0x07,0x00,0x00,0x0F,0x80,0x00,0x0C,0xC0,0x04,0x0C,0xC0,0x21,0x0D,
  0x80,0x00,0x07,0x80,0x40,0x80,0x00,0x00,0x0C,0x00,0x00,0x07,0x00,0x21,0x03,0x00,
  0x04,0x01,0x80,0x00,0x00,0xC0,0x00,0x00,0x60,0x00,0x00,0x40,0x00,0x07,0x00,0x00,
  0x0F,0x80,0x00,0x0C,0xC0,0x04,0x0C,0xC0,0x21,0x0D,0x80,0x00,0x07,0x80,0x40,0x80,
  0x00,0x00,0x07,0x80,0x00,0x0D,0x80,0x21,0x0C,0xC0,0x04,0x0C,0xC0,0x00,0x0D,0x80,
  0x00,0x07,0x80,0x00,0x00,0x00,0x00,0x00,0x3F,0xC0,0x20,0x40,0x20,0x40,0x20,0x40,
  0x20,0x40,0x20,0x40,0x20,0x40,0x20,0x40,0x20,0x40,0x20,0x40,0x20,0x40,0x20,0x40,
  0x20,0x40,0x3F,0xC0,0xFF,0xFF,0xE0,0x07,0x81,0x80,0x01,0x81,0x80,0x63,0xE1,0x80,
  0x63,0xF1,0x80,0x23,0x91,0x80,0x31,0x19,0x80,0x30,0x19,0x80,0x18,0x19,0x80,0x0C,
  0x7D,0x80,0x07,0xE7,0x80,0x00,0x03,0x80,0x00,0x01,0x80,0x00,0x00,0x08,0xFF,0xFF,
  0xEF,0x07,0x81,0xBC,0x01,0x81,0x8C,0x43,0xE1,0x8C,0x63,0xF1,0x8C,0x63,0x91,0x8C,
  0x21,0x19,0x8C,0x30,0x19,0x8C,0x18,0x19,0x8C,0x0C,0x7D,0x8C,0x07,0xE7,0x8C,0x00,
  0x03,0x8C,0x00,0x01,0x8C,0xC0,0x00,0xC0,0x00,0xE0,0x00,0x7F,0x00,0x01,0x80,0x01,
  0x80,0xFF,0xE0,0x78,0x00,0x18,0x00,0x1F,0x00,0x39,0x80,0x38,0x80,0x00,0xC0,0x00,
  0x80,0x03,0x80,0x7F,0x00,0x0E,0x00,0x03,0x80,0x00,0xC0,0x00,0x60,0x00,0x00,0x30,
  0x00,0x30,0x00,0x38,0x00,0x1F,0xE0,0x00,0x30,0x00,0x30,0x7F,0xFE,0x78,0x00,0x18,
  0x00,0x1F,0x18,0x3F,0x38,0x39,0xF8,0x01,0xD8,0x01,0x98,0x11,0x98,0x1B,0x18,0x0E,
  0x18,0x00,0x18,0x00,0x08,0x00,0x00,0x30,0x00,0x30,0x00,0x38,0x00,0x1F,0xE0,0x00,
  0x30,0x00,0x30,0xFF,0xFE,0x03,0x00,0x03,0x00,0x63,0x00,0x23,0x18,0x23,0x38,0x33,
  0x68,0x11,0xCC,0x18,0x0C,0x0C,0x18,0x07,0xF8,0x03,0xE0,0x00,0x00,0x18,0x00,0x00,
  0x18,0x00,0x00,0x1C,0x00,0x00,0x0F,0xF8,0x00,0x00,0x0C,0x00,0x00,0x0C,0x00,0xFF,
  0xFF,0x00,0x01,0x80,0x00,0x01,0x80,0x00,0x09,0x80,0x00,0x69,0x8C,0x00,0x6D,0x9E,
  0x00,0x2C,0xBE,0x00,0x34,0xE6,0x00,0x16,0x06,0x00,0x0B,0x06,0x00,0x07,0xFC,0x00,
  0x01,0xF8,0x00,0x00,0x00,0x00,0x00,0x22,0x00,0x01,0x33,0x00,0x33,0xB3,0x00,0x76,
  0xF3,0x00,0x3C,0xF3,0x00,0x03,0xF3,0x00,0x0F,0x33,0x00,0x1C,0x33,0x00,0x18,0x33,
  0x00,0x1E,0x3B,0x00,0x07,0x3F,0x00,0x01,0xB7,0x00,0x00,0xF3,0x00,0x00,0x70,0x00,
  0x00,0x30,0x00,0x00,0x00,0x60,0x00,0x60,0x00,0x30,0x00,0x3C,0x00,0x0F,0x80,0x01,
  0xC0,0x00,0x60,0x00,0x60,0x3C,0x60,0x66,0x60,0x63,0x60,0x73,0xC0,0x73,0xC0,0x33,
  0x00,0x00,0x00,0x00,0x00,0x3F,0xC0,0x20,0x40,0x20,0x40,0x20,0x40,0x20,0x40,0x20,
  0x40,0x20,0x40,0x20,0x40,0x20,0x40,0x20,0x40,0x20,0x40,0x20,0x40,0x20,0x40,0x3F,
  0xC0,0x00,0x00,0x3F,0xC0,0x20,0x40,0x20,0x40,0x20,0x40,0x20,0x40,0x20,0x40,0x20,
  0x40,0x20,0x40,0x20,0x40,0x20,0x40,0x20,0x40,0x20,0x40,0x20,0x40,0x3F,0xC0,0x00,
  0xF0,0x01,0xF8,0x03,0x18,0x02,0x18,0x07,0x18,0x07,0x98,0x63,0x98,0x60,0x18,0x60,
  0x18,0x30,0x18,0x1F,0xF8,0x00,0x38,0x00,0x18,0x06,0x00,0x00,0x06,0x00,0x00,0x03,
  0x00,0x00,0x01,0xF8,0x00,0x00,0x3E,0x00,0x00,0x03,0x00,0x00,0xF3,0x00,0x01,0xFB,
  0x00,0x03,0x1B,0x00,0x02,0x1E,0x00,0x07,0x1C,0x00,0x47,0x98,0x00,0x63,0x98,0x00,
  0x60,0x18,0x00,0x60,0x18,0x00,0x30,0x18,0x00,0x1F,0xF8,0x00,0x00,0x38,0x00,0x00,
  0x18,0x00,0x00,0x00,0x3F,0xC0,0x20,0x40,0x20,0x40,0x20,0x40,0x20,0x40,0x20,0x40,
  0x20,0x40,0x20,0x40,0x20,0x40,0x20,0x40,0x20,0x40,0x20,0x40,0x20,0x40,0x3F,0xC0,
  0x00,0x00,0x3F,0xC0,0x20,0x40,0x20,0x40,0x20,0x40,0x20,0x40,0x20,0x40,0x20,0x40,
  0x20,0x40,0x20,0x40,0x20,0x40,0x20,0x40,0x20,0x40,0x20,0x40,0x3F,0xC0,0x00,0xF0,
  0x01,0xF8,0x43,0x0C,0x66,0x0C,0x67,0x08,0x27,0x78,0x30,0x78,0x30,0x08,0x18,0x0C,
  0x0C,0x08,0x07,0xF8,0x01,0xF0,0x00,0x00,0x03,0x00,0x00,0x03,0x00,0x00,0x03,0x80,
  0x00,0x01,0xFC,0x00,0x00,0x1F,0x00,0x00,0x03,0x00,0x00,0xF1,0x80,0x01,0xF9,0x80,
  0x43,0x0D,0x00,0x66,0x0F,0x00,0x67,0x0E,0x00,0x27,0x78,0x00,0x30,0x78,0x00,0x30,
  0x08,0x00,0x18,0x0C,0x00,0x0C,0x08,0x00,0x07,0xF8,0x00,0x01,0xF0,0x00,0x00,0x00,
  0x00,0xFF,0xFF,0x80,0x00,0xC0,0x00,0x00,0xC0,0x00,0x03,0xF8,0x00,0x0E,0xDC,0x00,
  0x38,0xC6,0x00,0x60,0xC3,0x00,0x78,0xDF,0x00,0x1E,0xDE,0x00,0x07,0xC0,0x00,0x01,
  0xC0,0x00,0x01,0xC0,0x00,0x00,0xC0,0x00,0x00,0x20,0x60,0x3C,0x73,0x30,0x77,0x30,
  0x3D,0xB0,0x01,0xB0,0x03,0x30,0x0F,0x30,0x3C,0x30,0x1C,0x30,0x07,0x30,0x01,0xB0,
  0x00,0xF0,0x00,0x70,0x00,0x20,0x00,0x40,0x1E,0x78,0x3F,0x60,0x61,0xE0,0xC0,0xE0,
  0xFC,0x60,0x6C,0x60,0x06,0x60,0x06,0x60,0x0C,0x60,0x1C,0x60,0x10,0x60,0x00,0x60,
  0x00,0x60,0xFF,0xF8,0x78,0x60,0x20,0x60,0x60,0x60,0x36,0x60,0x3E,0x60,0x18,0x60,
  0x30,0x60,0x3C,0x60,0x06,0x60,0x03,0x60,0x00,0xE0,0x00,0x60,0x10,0xE0,0x19,0xF0,
  0x0F,0x30,0x07,0x30,0x63,0xE0,0x23,0x00,0x33,0x38,0x33,0x68,0x19,0xCC,0x0C,0x18,
  0x07,0xF8,0x03,0xE0,0x00,0x00,0xFF,0xE0,0x30,0x00,0x30,0x00,0x38,0x00,0x3F,0x80,
  0x30,0xC0,0x30,0xC0,0x30,0xC0,0x30,0xC0,0x31,0x80,0x3F,0x00,0x1E,0x00,0x00,0x00,
  0xFF,0xF8,0x30,0x00,0x30,0x00,0x3F,0xC0,0x33,0xC0,0x33,0x60,0x36,0x60,0x1C,0x60,
  0x00,0x60,0x01,0xC0,0x1F,0x80,0x07,0x80,0x00,0xE0,0x00,0x30,0x00,0x00,0xFF,0xFF,
  0xC0,0x03,0xF0,0x00,0x03,0x30,0x00,0x62,0x1E,0x00,0x66,0x03,0x00,0x66,0x23,0x00,
  0x26,0x72,0x00,0x33,0xF6,0x00,0x10,0x36,0x00,0x18,0x36,0x00,0x0F,0xE2,0x00,0x03,
  0xC2,0x00,0x00,0x03,0x00,0x00,0x00,0x00,0x00,0x04,0x00,0xFF,0xE7,0x80,0x00,0x66,
  0x00,0x00,0x66,0x00,0x01,0xE6,0x00,0x07,0x66,0x00,0x1C,0x66,0x00,0x70,0x66,0x00,
  0x30,0x66,0x00,0x1C,0x76,0x00,0x07,0x7E,0x00,0x01,0xEE,0x00,0x00,0xE6,0x00,0x00,
  0x60,0x00,0x00,0xF0,0x00,0x01,0xFB,0xC0,0x03,0x1E,0xC0,0x02,0x1C,0x60,0x06,0x18,
  0x40,0x07,0x99,0xC0,0x63,0x99,0xC0,0x60,0x18,0x60,0x60,0x1C,0x60,0x30,0x1E,0xC0,
  0x1F,0xFB,0xC0,0x00,0x38,0x00,0x00,0x18,0x00,0x60,0x00,0x60,0x00,0x70,0x00,0x3F,
  0xC0,0x00,0xC0,0x00,0x60,0x7F,0xF0,0x18,0x00,0x18,0x00,0x18,0x00,0x19,0xC0,0x19,
  0xE0,0x18,0xE0,0x18,0x60,0x18,0x60,0x18,0xC0,0x1F,0x80,0x0F,0x00,0x00,0x00,0x10,
  0x00,0x38,0x00,0x30,0x00,0x30,0x00,0x10,0x00,0x18,0x00,0xFF,0xE0,0x0F,0x00,0x07,
  0x00,0x07,0x80,0x07,0x80,0x06,0xC0,0x0C,0xC0,0x1C,0xC0,0x70,0xC0,0x60,0xC0,0x60,
  0xC0,0x31,0x80,0x1F,0x00,0x00,0x00,0xFF,0xFE,0x03,0x00,0x03,0x00,0x63,0x00,0x63,
  0x18,0x23,0x38,0x33,0x68,0x31,0xCC,0x18,0x0C,0x0C,0x18,0x07,0xF8,0x03,0xE0,0x00,
  0x00,0xFF,0xE0,0x30,0x00,0x30,0x00,0x30,0x00,0x33,0x80,0x33,0xC0,0x31,0xC0,0x30,
  0xC0,0x30,0xC0,0x31,0x80,0x3F,0x00,0x1E,0x00,0x00,0x00,0x00,0x40,0x1E,0x78,0x3F,
  0x60,0x61,0xE0,0x60,0xE0,0x60,0x60,0x6E,0x60,0x3E,0x60,0x1E,0x60,0x00,0x60,0x00,
  0x60,0x00,0x60,0x00,0x60,0x00,0x60,0xFF,0xFE,0x00,0x00,0x00,0x00,0x43,0xE0,0x63,
  0xF0,0x63,0x98,0x20,0x18,0x30,0x18,0x10,0x18,0x18,0x18,0x0E,0x30,0x07,0xE0,0x00,
  0x00,0x00,0x00,0x3C,0x78,0x7E,0x60,0x63,0x60,0x73,0x60,0x23,0x60,0x03,0x60,0x0E,
  0x60,0x38,0x60,0x3C,0x60,0x06,0x60,0x01,0x60,0x00,0xE0,0x00,0x60,0x00,0x20,0xFF,
  0xE0,0x30,0x00,0x30,0x00,0x31,0x80,0x33,0xC0,0x36,0x80,0x3C,0x80,0x39,0x80,0x31,
  0x80,0x01,0x80,0x01,0x80,0x00,0x80,0x00,0x80,0x00,0x00,0x1C,0xF0,0x3C,0xC0,0x30,
  0xC0,0x33,0xC0,0x1F,0xC0,0x38,0xC0,0x70,0xC0,0x70,0xC0,0x3C,0xC0,0x06,0xC0,0x03,
  0xC0,0x01,0xC0,0x00,0xC0,0xFF,0xF0,0x00,0x60,0x00,0x60,0x00,0x60,0x3E,0x60,0x7F,
  0x60,0x79,0xE0,0x38,0xE0,0x00,0x60,0x00,0x60,0x00,0x60,0x00,0x60,0x00,0x60,0x00,
  0x00,0x3F,0xC0,0x20,0x40,0x20,0x40,0x20,0x40,0x20,0x40,0x20,0x40,0x20,0x40,0x20,
  0x40,0x20,0x40,0x20,0x40,0x20,0x40,0x20,0x40,0x20,0x40,0x3F,0xC0,0x00,0x18,0x0F,
  0x1E,0x1F,0xD8,0x30,0x78,0x60,0x78,0x7C,0xF8,0x0D,0x98,0x07,0x18,0x06,0x18,0x0C,
  0x18,0x00,0x18,0x00,0x18,0x00,0x18,0x00,0x18,0x00,0x08,0xFF,0xFF,0x80,0x70,0x00,
  0x00,0x78,0x00,0x00,0x0C,0x78,0x00,0x06,0x6E,0x00,0x1E,0x63,0x00,0x38,0x63,0x00,
  0x30,0x6F,0x00,0x3C,0x6E,0x00,0x06,0x60,0x00,0x03,0x60,0x00,0x00,0xE0,0x00,0x00,
  0x60,0x00,0xFF,0xF0,0x00,0xC0,0x00,0xC0,0x07,0xC0,0x1E,0xC0,0x38,0xC0,0x60,0xC0,
  0x78,0xC0,0x1C,0xC0,0x07,0xC0,0x03,0xC0,0x01,0xC0,0x00,0xC0,0xFF,0xFC,0x00,0x00,
  0x00,0x00,0x43,0x30,0x67,0x30,0x67,0x78,0x23,0xD8,0x30,0x18,0x10,0x18,0x18,0x18,
  0x0E,0x30,0x03,0xE0,0x00,0x00,0xFF,0xF8,0x70,0x60,0x78,0x60,0x18,0x60,0x0C,0x60,
  0x0C,0x60,0x1E,0x60,0x3F,0x60,0x3C,0xE0,0x18,0xE0,0x00,0x60,0x00,0x60,0x00,0x60,
  0xFF,0xF8,0x70,0x60,0x38,0x60,0x0C,0x60,0x06,0x60,0x0E,0x60,0x38,0x60,0x30,0x60,
  0x3C,0x60,0x07,0x60,0x01,0xE0,0x00,0xE0,0x00,0x60,0xFF,0xF0,0x00,0xC0,0x00,0xC0,
  0x07,0xC0,0x0E,0xC0,0x38,0xC0,0x60,0xC0,0x38,0xC0,0x0E,0xC0,0x03,0xC0,0x01,0xC0,
  0x18,0xC0,0x00,0x40,0x00,0x00,0x3F,0xC0,0x20,0x40,0x20,0x40,0x20,0x40,0x20,0x40,
  0x20,0x40,0x20,0x40,0x20,0x40,0x20,0x40,0x20,0x40,0x20,0x40,0x20,0x40,0x20,0x40,
  0x3F,0xC0,0xFF,0xFE,0x00,0x18,0x00,0x18,0x00,0x18,0x3D,0xF8,0x67,0xB8,0x63,0x18,
  0x61,0x18,0x7C,0x18,0x3C,0x18,0x00,0x18,0x00,0x18,0x00,0x18,0x00,0x00,0x3F,0xC0,
  0x20,0x40,0x20,0x40,0x20,0x40,0x20,0x40,0x20,0x40,0x20,0x40,0x20,0x40,0x20,0x40,
  0x20,0x40,0x20,0x40,0x20,0x40,0x20,0x40,0x3F,0xC0,0x00,0x00,0x3F,0xC0,0x20,0x40,
  0x20,0x40,0x20,0x40,0x20,0x40,0x20,0x40,0x20,0x40,0x20,0x40,0x20,0x40,0x20,0x40,
  0x20,0x40,0x20,0x40,0x20,0x40,0x3F,0xC0,0x00,0x00,0x3F,0xC0,0x20,0x40,0x20,0x40,
  0x20,0x40,0x20,0x40,0x20,0x40,0x20,0x40,0x20,0x40,0x20,0x40,0x20,0x40,0x20,0x40,
  0x20,0x40,0x20,0x40,0x3F,0xC0,0x00,0x00,0x77,0xBC,0xFF,0xF0,0x0C,0x30,0x1E,0x30,
  0x3F,0x30,0x3F,0x30,0x3F,0x30,0x36,0x30,0x00,0x30,0x00,0x30,0x00,0x30,0x00,0x30,
  0x00,0x30,0x00,0x10,0xFF,0xF8,0x70,0x60,0x38,0x60,0x0E,0x60,0x07,0x60,0x0F,0xE0,
  0x38,0xE0,0x30,0x60,0x3C,0x60,0x07,0x60,0x01,0xE0,0x00,0xE0,0x00,0x60,0xFF,0xF8,
  0x70,0x60,0x70,0x60,0x18,0x60,0x0F,0xE0,0x07,0x60,0x06,0x60,0x04,0x60,0x6C,0x60,
  0x38,0x60,0x00,0x60,0x00,0x60,0x00,0x60,0xFF,0xE0,0x78,0x00,0x18,0x00,0x1F,0x00,
  0x39,0x80,0x38,0x80,0x00,0xC0,0x00,0x80,0x03,0x80,0x7F,0x00,0x0E,0x00,0x03,0x00,
  0x00,0xC0,0x00,0x60,0x00,0x00,0x00,0x00,0x3F,0xC0,0x20,0x40,0x20,0x40,0x20,0x40,
  0x20,0x40,0x20,0x40,0x20,0x40,0x20,0x40,0x20,0x40,0x20,0x40,0x20,0x40,0x20,0x40,
  0x20,0x40,0x3F,0xC0,0x00,0x00,0x3F,0xC0,0x20,0x40,0x20,0x40,0x20,0x40,0x20,0x40,
  0x20,0x40,0x20,0x40,0x20,0x40,0x20,0x40,0x20,0x40,0x20,0x40,0x20,0x40,0x20,0x40,
  0x3F,0xC0,0x00,0x00,0x04,0x00,0x21,0x00,0x00,0x00,0x40,0x80,0x00,0x00,0x00,0x00,
  0x21,0x00,0x04,0x00,0x0C,0x00,0x0C,0x00,0x0C,0x00,0xFC,0x00,0x0C,0x00,0x0C,0x00,
  0x1F,0x00,0x3D,0x80,0x18,0xC0,0x00,0xC0,0x00,0xC0,0x01,0x80,0x3F,0x00,0x0E,0x00,
  0x03,0x80,0x00,0xE0,0x00,0x60,0x00,0x00,0x00,0x08,0x00,0x2F,0x00,0x3C,0x00,0x0C,
  0x04,0x0C,0x21,0x0C,0x00,0x0C,0x40,0x8C,0x00,0x0C,0x00,0x0C,0x21,0x0C,0x04,0x0C,
  0x00,0x0C,0x00,0x0C,0x0F,0xC0,0x1F,0xF0,0x70,0x1C,0x60,0x06,0x60,0x00,0x60,0x00,
  0xFC,0x00,0x30,0x00,0x30,0x00,0x30,0x20,0x31,0x08,0x30,0x00,0x32,0x04,0x30,0x00,
  0x30,0x00,0x31,0x08,0x30,0x20,0x30,0x00,0x20,0x00,0x3F,0x80,0xF3,0xE0,0xC0,0x30,
  0x7F,0x18,0x03,0x08,0x01,0x8C,0x00,0x3F,0x00,0x0C,0x00,0x0C,0x04,0x0C,0x21,0x0C,
  0x00,0x0C,0x40,0x8C,0x00,0x0C,0x00,0x0C,0x21,0x0C,0x04,0x0C,0x00,0x0C,0x00,0x0C,
  0x00,0x00,0x04,0x00,0x21,0x00,0x00,0x00,0x40,0x80,0x00,0x00,0x00,0x00,0x21,0x00,
  0x04,0x00,0x00,0x00,0x00,0x00,0x3E,0x00,0x67,0x00,0x6F,0x80,0x3C,0x80,0x00,0x00,
  0x00,0x00,0x04,0x00,0x21,0x00,0x00,0x00,0x40,0x80,0x00,0x00,0x00,0x00,0x21,0x00,
  0x04,0x00,0x00,0x00,0x00,0x00,0x1E,0x00,0x30,0x00,0x33,0x00,0x1F,0xC0,0x00,0x00,
  0x00,0x00,0x04,0x00,0x21,0x00,0x00,0x00,0x40,0x80,0x00,0x00,0x00,0x00,0x21,0x00,
  0x04,0x00,0x00,0x00,0x00,0x00,0x0E,0x00,0x38,0x00,0x30,0x00,0x1C,0x00,0x06,0x00,
  0x00,0x00,0x00,0x00,0x04,0x00,0x21,0x00,0x00,0x00,0x40,0x80,0x00,0x00,0x00,0x00,
  0x21,0x00,0x04,0x00,0x00,0x00,0x00,0x00,0x1E,0x00,0x38,0x00,0x3C,0x00,0x0F,0x00,
  0x39,0x00,0x38,0x00,0x0E,0x00,0x01,0x00,0x00,0x00,0x00,0x00,0x3F,0xC0,0x20,0x40,
  0x20,0x40,0x20,0x40,0x20,0x40,0x20,0x40,0x20,0x40,0x20,0x40,0x20,0x40,0x20,0x40,
  0x20,0x40,0x20,0x40,0x20,0x40,0x3F,0xC0,0x00,0x00,0x3F,0xC0,0x20,0x40,0x20,0x40,
  0x20,0x40,0x20,0x40,0x20,0x40,0x20,0x40,0x20,0x40,0x20,0x40,0x20,0x40,0x20,0x40,
  0x20,0x40,0x20,0x40,0x3F,0xC0,0x06,0x00,0x00,0x1E,0x00,0x00,0x38,0x00,0x00,0x30,
  0x08,0x00,0x20,0x42,0x00,0x60,0x00,0x00,0x60,0x81,0x00,0x60,0x00,0x00,0x60,0x00,
  0x00,0x60,0x42,0x00,0x2E,0x08,0x00,0x3E,0x00,0x00,0x1E,0x00,0x00,0x00,0x00,0x00,
  0xC0,0x00,0x00,0xC0,0x00,0x00,0xE0,0x00,0x00,0x7E,0x00,0x00,0x03,0x00,0x00,0x03,
  0x00,0x00,0x03,0x00,0x00,0x0F,0x00,0x00,0x0C,0x00,0x00,0x18,0x04,0x00,0x10,0x21,
  0x00,0x30,0x00,0x00,0x30,0x40,0x80,0x30,0x00,0x00,0x30,0x00,0x00,0x30,0x21,0x00,
  0x17,0x04,0x00,0x1F,0x00,0x00,0x0F,0x00,0x00,0x00,0x00,0x00,0x00,0x00,0x3F,0xC0,
  0x20,0x40,0x20,0x40,0x20,0x40,0x20,0x40,0x20,0x40,0x20,0x40,0x20,0x40,0x20,0x40,
  0x20,0x40,0x20,0x40,0x20,0x40,0x20,0x40,0x3F,0xC0,0x00,0x00,0x3F,0xC0,0x20,0x40,
  0x20,0x40,0x20,0x40,0x20,0x40,0x20,0x40,0x20,0x40,0x20,0x40,0x20,0x40,0x20,0x40,
  0x20,0x40,0x20,0x40,0x20,0x40,0x3F,0xC0,0x00,0x00,0x10,0x06,0x00,0x5E,0x1E,0x00,
  0x78,0x38,0x00,0x18,0x30,0x08,0x18,0x20,0x42,0x18,0x60,0x00,0x18,0x60,0x81,0x18,
  0x60,0x00,0x18,0x60,0x00,0x18,0x60,0x42,0x18,0x2E,0x08,0x18,0x3E,0x00,0x18,0x1E,
  0x00,0x18,0x00,0x00,0x00,0x00,0x30,0x00,0x00,0x30,0x00,0x00,0x38,0x00,0x00,0x1F,
  0xF0,0x00,0x00,0x18,0x00,0x00,0x18,0x06,0x00,0x7E,0x1E,0x00,0x18,0x38,0x00,0x18,
  0x30,0x08,0x18,0x20,0x42,0x18,0x60,0x00,0x18,0x60,0x81,0x18,0x60,0x00,0x18,0x60,
  0x00,0x18,0x60,0x42,0x18,0x2E,0x08,0x18,0x3E,0x00,0x18,0x1E,0x00,0x18,0x00,0x00,
  0x00,0x00,0x00,0x04,0x00,0x21,0x00,0x00,0x00,0x40,0x80,0x00,0x00,0x00,0x00,0x21,
  0x00,0x04,0x00,0x00,0x00,0x00,0x00,0x00,0x00,0x0C,0x00,0x06,0x00,0x03,0x80,0x01,
  0x80,0x00,0x00,0x1E,0x00,0x3F,0x00,0x71,0x80,0x71,0x80,0x7B,0x00,0x6F,0x00,0x60,
  0x00,0x38,0x00,0x1E,0x00,0x07,0x00,0x01,0xC0,0x00,0xC0,0x00,0x60,0x00,0x40,0x00,
  0x00,0x3F,0xC0,0x20,0x40,0x20,0x40,0x20,0x40,0x20,0x40,0x20,0x40,0x20,0x40,0x20,
  0x40,0x20,0x40,0x20,0x40,0x20,0x40,0x20,0x40,0x20,0x40,0x3F,0xC0,0x00,0x00,0x3F,
  0xC0,0x20,0x40,0x20,0x40,0x20,0x40,0x20,0x40,0x20,0x40,0x20,0x40,0x20,0x40,0x20,
  0x40,0x20,0x40,0x20,0x40,0x20,0x40,0x20,0x40,0x3F,0xC0,0x00,0x00,0x3F,0xC0,0x20,
  0x40,0x20,0x40,0x20,0x40,0x20,0x40,0x20,0x40,0x20,0x40,0x20,0x40,0x20,0x40,0x20,
  0x40,0x20,0x40,0x20,0x40,0x20,0x40,0x3F,0xC0,0x00,0x00,0x3F,0xC0,0x20,0x40,0x20,
  0x40,0x20,0x40,0x20,0x40,0x20,0x40,0x20,0x40,0x20,0x40,0x20,0x40,0x20,0x40,0x20,
  0x40,0x20,0x40,0x20,0x40,0x3F,0xC0,0x00,0x00,0x3F,0xC0,0x20,0x40,0x20,0x40,0x20,
  0x40,0x20,0x40,0x20,0x40,0x20,0x40,0x20,0x40,0x20,0x40,0x20,0x40,0x20,0x40,0x20,
  0x40,0x20,0x40,0x3F,0xC0,0x00,0x00,0x3F,0xC0,0x20,0x40,0x20,0x40,0x20,0x40,0x20,
  0x40,0x20,0x40,0x20,0x40,0x20,0x40,0x20,0x40,0x20,0x40,0x20,0x40,0x20,0x40,0x20,
  0x40,0x3F,0xC0,0x00,0x00,0x3F,0xC0,0x20,0x40,0x20,0x40,0x20,0x40,0x20,0x40,0x20,
  0x40,0x20,0x40,0x20,0x40,0x20,0x40,0x20,0x40,0x20,0x40,0x20,0x40,0x20,0x40,0x3F,
  0xC0,0x00,0x00,0x3F,0xC0,0x20,0x40,0x20,0x40,0x20,0x40,0x20,0x40,0x20,0x40,0x20,
  0x40,0x20,0x40,0x20,0x40,0x20,0x40,0x20,0x40,0x20,0x40,0x20,0x40,0x3F,0xC0,0x18,
  0x00,0x18,0x00,0x1C,0x00,0x0F,0xF8,0x00,0x0C,0x00,0x0C,0x00,0x3F,0x00,0x0C,0x00,
  0x0C,0x04,0x0C,0x21,0x0C,0x00,0x0C,0x40,0x8C,0x00,0x0C,0x00,0x0C,0x21,0x0C,0x04,
  0x0C,0x00,0x0C,0x00,0x0C,0x00,0x00,0x3F,0xC0,0x20,0x40,0x20,0x40,0x20,0x40,0x20,
  0x40,0x20,0x40,0x20,0x40,0x20,0x40,0x20,0x40,0x20,0x40,0x20,0x40,0x20,0x40,0x20,
  0x40,0x3F,0xC0,0x00,0x00,0x3F,0xC0,0x20,0x40,0x20,0x40,0x20,0x40,0x20,0x40,0x20,
  0x40,0x20,0x40,0x20,0x40,0x20,0x40,0x20,0x40,0x20,0x40,0x20,0x40,0x20,0x40,0x3F,
  0xC0,0x00,0x00,0x3F,0xC0,0x20,0x40,0x20,0x40,0x20,0x40,0x20,0x40,0x20,0x40,0x20,
  0x40,0x20,0x40,0x20,0x40,0x20,0x40,0x20,0x40,0x20,0x40,0x20,0x40,0x3F,0xC0,0x00,
  0x00,0x3F,0xC0,0x20,0x40,0x20,0x40,0x20,0x40,0x20,0x40,0x20,0x40,0x20,0x40,0x20,
  0x40,0x20,0x40,0x20,0x40,0x20,0x40,0x20,0x40,0x20,0x40,0x3F,0xC0,0xFF,0xFE,0x03,
  0x00,0x03,0x00,0x63,0x00,0x63,0x18,0x23,0x38,0x33,0x68,0x31,0xCC,0x18,0x0C,0x0C,
  0x18,0x07,0xF8,0x03,0xE0,0x00,0x00,0x01,0x80,0x01,0x80,0x01,0x80,0xFF,0xE0,0x30,
  0x00,0x30,0x00,0x30,0x00,0x33,0x80,0x33,0xC0,0x31,0xC0,0x30,0xC0,0x30,0xC0,0x31,
  0x80,0x3F,0x00,0x1E,0x00,0x00,0x00,0x0C,0x00,0x0C,0x00,0x0C,0x00,0x00,0x00,0x3F,
  0xC0,0x20,0x40,0x20,0x40,0x20,0x40,0x20,0x40,0x20,0x40,0x20,0x40,0x20,0x40,0x20,
  0x40,0x20,0x40,0x20,0x40,0x20,0x40,0x20,0x40,0x3F,0xC0,0xFF,0xF8,0x70,0x60,0x38,
  0x60,0x0C,0x60,0x06,0x60,0x0E,0x60,0x38,0x60,0x30,0x60,0x3C,0x60,0x07,0x60,0x01,
  0xE0,0x0C,0xE0,0x0C,0x60,0x0C,0x00,0x00,0x22,0x00,0x01,0x33,0x00,0x33,0xB3,0x00,
  0x76,0xF3,0x00,0x3C,0xF3,0x00,0x03,0xF3,0x00,0x0F,0x33,0x00,0x1C,0x33,0x00,0x18,
  0x33,0x00,0x1E,0x3B,0x00,0x07,0x3F,0x00,0x01,0xB7,0x00,0x03,0xF3,0x00,0x0E,0x70,
  0x00,0x07,0x30,0x00,0x01,0x80,0x00,0x00,0x40,0x00,0x00,0x00,0x00,0x00,0x00,0x20,
  0x00,0x60,0x00,0x20,0x00,0x30,0x00,0x1E,0x00,0x07,0x80,0x00,0xC0,0x00,0x60,0x3C,
  0x60,0x66,0x70,0x63,0x78,0x73,0x48,0x77,0xCC,0x3F,0x8C,0x0C,0xCC,0x18,0xCC,0x1E,
  0xD8,0x0F,0xF8,0x06,0x60,0x00,0x00,0x00,0x00,0x04,0x00,0x21,0x00,0x00,0x00,0x40,
  0x80,0x00,0x00,0x00,0x00,0x21,0x00,0x04,0x00,0x00,0x00,0x10,0x00,0x1C,0x00,0x07,
  0x00,0x01,0x00,0x39,0x80,0x35,0x00,0x37,0x00,0x06,0x00,0x00,0x00,0x04,0x00,0x21,
  0x00,0x00,0x00,0x40,0x80,0x00,0x00,0x00,0x00,0x21,0x00,0x04,0x00,0x30,0x00,0x38,
  0x00,0x1E,0x00,0x06,0x00,0x33,0x00,0x4B,0x80,0x7E,0xC0,0x2E,0xC0,0x0B,0x80,0x01,
  0x00,0x00,0x00,0x3F,0xC0,0x20,0x40,0x20,0x40,0x20,0x40,0x20,0x40,0x20,0x40,0x20,
  0x40,0x20,0x40,0x20,0x40,0x20,0x40,0x20,0x40,0x20,0x40,0x20,0x40,0x3F,0xC0,0x00,
  0x00,0x3F,0xC0,0x20,0x40,0x20,0x40,0x20,0x40,0x20,0x40,0x20,0x40,0x20,0x40,0x20,
  0x40,0x20,0x40,0x20,0x40,0x20,0x40,0x20,0x40,0x20,0x40,0x3F,0xC0,0x00,0x00,0x1F,
  0x00,0x31,0x80,0x60,0xC0,0x60,0xC0,0x60,0xC0,0x60,0xC0,0x60,0xC0,0x60,0xC0,0x31,
  0x80,0x1F,0x00,0x00,0x00,0x30,0x00,0x30,0x00,0x30,0x00,0x18,0x00,0x0C,0x00,0x07,
  0x00,0x03,0x80,0x00,0xC0,0x00,0xC0,0x18,0xC0,0x18,0xC0,0x19,0x80,0x1F,0x80,0x00,
  0x00,0x20,0x00,0x30,0x00,0x30,0x00,0x1E,0x00,0x07,0x80,0x01,0x80,0x00,0xC0,0x00,
  0xC0,0x01,0x80,0x3F,0x00,0x0E,0x00,0x03,0x00,0x01,0xC0,0x00,0x60,0x00,0x00,0x00,
  0x00,0x47,0xC0,0x47,0xE0,0x47,0x20,0x67,0x30,0x60,0x30,0x20,0x30,0x30,0x20,0x1C,
  0xE0,0x0F,0xC0,0x00,0x00,0x00,0x00,0x0F,0x00,0x1F,0x80,0x30,0xC0,0x30,0xC0,0x10,
  0xC0,0x1F,0x80,0x0F,0x80,0x18,0xC0,0x30,0x40,0x30,0x60,0x30,0x40,0x18,0xC0,0x0F,
  0x80,0x00,0x00,0x04,0x00,0x0E,0x00,0x1E,0x00,0x33,0x00,0x21,0xC0,0x61,0x80,0x61,
  0x80,0x63,0x00,0x63,0x00,0x61,0x00,0x31,0xC0,0x38,0xE0,0x0F,0xC0,0x00,0x00,0x0C,
  0x00,0x0C,0x00,0x06,0x00,0x46,0x00,0x46,0x60,0x66,0xE0,0x63,0xB0,0x20,0x30,0x30,
  0x20,0x18,0x60,0x0F,0xE0,0x07,0x80,0x00,0x00,0x07,0x80,0x1F,0xC0,0x18,0xC0,0x30,
  0xC0,0x30,0xC0,0x30,0xC0,0x39,0xC0,0x1F,0xC0,0x00,0xC0,0x00,0xC0,0x00,0xC0,0x00,
  0xC0,0x00,0x60,0x00,0x00,0x60,0x00,0x60,0x00,0x30,0x00,0x30,0x00,0x30,0x20,0x3F,
  0xE0,0x33,0x80,0x31,0x80,0x31,0x80,0x31,0x80,0x31,0x80,0x33,0x00,0x1E,0x00,0x00,
  0x00,0x00,0x00,0x60,0x00,0x60,0x00,0x60,0x00,0x3C,0x00,0x0F,0x80,0x01,0xC0,0x00,
  0x60,0x3C,0x60,0x66,0x60,0x63,0x60,0x73,0xC0,0x7B,0xC0,0x33,0x00,0x00,0x00,0xFF,
  0xF0,0x00,0xC0,0x00,0xC0,0x07,0xC0,0x1E,0xC0,0x3E,0xC0,0x63,0xC0,0x78,0xC0,0x1C,
  0xC0,0x07,0xC0,0x03,0xC0,0x01,0xC0,0x00,0xC0,0xFF,0xF0,0x00,0xC0,0x00,0xC0,0x07,
  0xC0,0x1E,0xC0,0x38,0xC0,0x60,0xC0,0x78,0xC0,0x1C,0xC0,0x27,0xC0,0x3B,0xC0,0x0D,
  0xC0,0x04,0xC0,0x00,0x00,0x20,0x00,0x38,0x00,0x1C,0x00,0x06,0x00,0x03,0x00,0x01,
  0x80,0x01,0x80,0x00,0xC0,0x00,0x40,0x00,0x00,0x00,0x00,0x30,0x00,0x38,0x00,0x38,
  0x00,0x18,0x00,0x18,0x00,0x7F,0xC0,0x18,0x00,0x18,0x00,0x1B,0xC0,0x1B,0xC0,0x19,
  0x60,0x18,0x60,0x18,0x40,0x18,0xC0,0x19,0x80,0x0F,0x00,0x00,0x00,0x00,0x40,0x00,
  0xC0,0x00,0xC0,0x01,0x80,0x01,0x80,0x03,0x00,0x06,0x00,0x0C,0x00,0x18,0x00,0x30,
  0x00,0x00,0x00,0x00,0x00,0x00,0x60,0x00,0x60,0x00,0x40,0x00,0x40,0x00,0xC0,0x3C,
  0xC0,0x76,0x80,0x77,0x80,0x27,0x00,0x07,0x00,0x06,0x00,0x0C,0x00,0x0C,0x00,0x00,
  0x00,0x00,0x10,0x00,0x10,0x00,0x30,0x00,0x30,0x3E,0x30,0x36,0x20,0x33,0x60,0x36,
  0x60,0x1E,0x40,0x38,0xC0,0x61,0x80,0x63,0x00,0x3E,0x00,0x00,0x00,0x60,0x60,0x30,
  0x30,0x30,0x30,0x30,0x30,0x30,0x30,0x30,0x30,0x30,0x60,0x00,0x60,0x00,0x30,0x00,
  0x30,0x80,0x33,0xC0,0x36,0xC0,0x3C,0xC0,0x38,0xC0,0x30,0xC0,0x00,0xC0,0x00,0xC0,
  0x00,0xC0,0x00,0x60,0x00,0x00,0x00,0x00,0x1E,0x00,0x33,0x00,0x61,0x00,0x61,0x80,
  0x61,0x00,0x33,0x00,0x3E,0x00,0x00,0x00,0x00,0x00,0x00,0x00,0x00,0x00,0x00,0x30,
  0x00,0x20,0x26,0x60,0x26,0x60,0x30,0xC0,0x39,0x80,0x1F,0x00,0x00,0x00,0x00,0x00,
  0x00,0x00,0x00,0x00,0x00,0x00,0x00,0x00,0x00,0x00,0x00,0x00,0x00,0x30,0x60,0x60,
  0x60,0x60,0x30,0x30,0x18,0x0C,0x04,0x04,0x00,0x00,0x4D,0x80,0x61,0x00,0x33,0x00,
  0x1E,0x00,0x00,0x00,0x00,0x00,0x08,0x00,0x0C,0x00,0x06,0x00,0x03,0x00,0x01,0x00,
  0x00,0x00,0x00,0x00,0x3C,0x00,0x66,0x00,0x66,0x00,0x66,0x00,0x3C,0x00,0x00,0x00,
  0x00,0x00,0x00,0x00,0x00,0x00,0x00,0x00,0x01,0xC0,0x00,0xE0,0x00,0xF0,0x00,0x10,
  0x01,0xE0,0x00,0x60,0x00,0x10,0x00,0x00,0x00,0x00,0x04,0x00,0x21,0x00,0x00,0x00,
  0x40,0x80,0x00,0x00,0x00,0x00,0x21,0x00,0x04,0x00,0x00,0x00,0x00,0x00,0x00,0x00,
  0x3F,0xC0,0x20,0x40,0x20,0x40,0x20,0x40,0x20,0x40,0x20,0x40,0x20,0x40,0x20,0x40,
  0x20,0x40,0x20,0x40,0x20,0x40,0x20,0x40,0x20,0x40,0x3F,0xC0,
};

const uint16_t bnGlyphOffset[128] PROGMEM = {
  0,28,66,108,150,180,219,261,303,343,381,438,483,515,545,575,601,658,688,718,
  744,801,840,870,898,924,950,976,1006,1048,1090,1129,1167,1207,1233,1259,1287,1313,1343,1371,
  1397,1423,1453,1483,1522,1548,1574,1600,1626,1652,1682,1708,1738,1768,1798,1828,1854,1880,1910,1940,
  1970,1994,2024,2052,2090,2128,2160,2192,2226,2266,2296,2326,2368,2428,2458,2488,2533,2593,2627,2655,
  2685,2715,2745,2775,2805,2835,2865,2895,2933,2963,2993,3023,3053,3085,3117,3147,3175,3229,3271,3307,
  3345,3375,3405,3429,3457,3487,3511,3539,3567,3593,3621,3649,3679,3705,3733,3755,3789,3811,3841,3869,
  3882,3910,3932,3964,3976,4002,4024,4062,
};

const uint8_t bnGlyphW[128] PROGMEM = {
  11,10,19,19,12,19,24,12,16,15,17,17,12,12,12,15,17,12,12,15,
  17,17,14,13,13,14,11,13,18,17,20,13,11,15,11,13,15,14,11,12,
  12,12,15,17,12,14,13,13,12,12,15,12,12,12,15,13,13,11,12,12,
  10,12,16,16,16,10,11,10,10,12,12,17,18,12,12,23,23,10,11,12,
  12,12,12,12,12,12,12,16,12,12,12,12,15,11,12,13,17,14,10,10,
  12,12,12,12,12,12,12,12,12,12,12,12,12,12,12,12,12,12,14,5,
  12,10,14,7,11,9,13,12,
};

const uint8_t bnGlyphH[128] PROGMEM = {
  14,19,14,14,15,13,14,21,20,19,19,15,16,15,15,13,19,15,15,13,
  19,13,15,14,13,13,13,15,14,14,13,19,20,13,13,14,13,15,14,13,
  13,15,15,13,13,13,13,13,13,15,13,15,15,15,15,13,13,15,15,15,
  12,15,14,19,19,16,16,17,20,15,15,14,20,15,15,15,20,17,14,15,
  15,15,15,15,15,15,15,19,15,15,15,15,16,16,15,14,18,21,18,19,
  15,15,12,14,15,12,14,14,13,14,14,15,13,14,11,17,11,15,14,13,
  14,11,16,12,13,11,19,15,
};

const int8_t bnGlyphXOff[128] PROGMEM = {
  0,0,0,0,0,0,0,0,-1,-1,0,0,0,0,0,0,0,0,0,0,
  0,0,0,0,0,0,0,0,0,-1,0,0,0,0,0,0,0,0,0,0,
  0,0,-1,0,0,0,0,0,0,0,0,0,0,0,0,0,0,0,0,0,
  0,-1,0,0,0,0,0,0,0,0,0,0,-1,0,0,0,0,0,0,0,
  0,0,0,0,0,0,0,0,0,0,0,0,0,0,0,0,0,0,0,0,
  0,0,0,0,0,0,0,0,0,0,0,0,0,0,0,0,0,0,0,0,
  0,0,0,0,0,0,0,0,
};

const int8_t bnGlyphYOff[128] PROGMEM = {
  -13,-19,-13,-13,-15,-13,-14,-19,-19,-19,-19,-15,-16,-15,-15,-13,-19,-15,-15,-13,
  -19,-13,-14,-14,-13,-13,-13,-13,-13,-14,-13,-19,-19,-13,-13,-14,-13,-14,-13,-13,
  -13,-15,-14,-13,-13,-13,-13,-13,-13,-15,-13,-15,-15,-15,-14,-13,-13,-13,-15,-15,
  -11,-13,-14,-19,-19,-11,-11,-11,-11,-15,-15,-13,-19,-15,-15,-14,-19,-11,-13,-15,
  -15,-15,-15,-15,-15,-15,-15,-19,-15,-15,-15,-15,-13,-13,-15,-13,-15,-16,-11,-11,
  -15,-15,-12,-13,-13,-12,-13,-13,-13,-13,-13,-15,-13,-13,-11,-16,-11,-14,-13,-13,
  -13,-11,-16,-9,-11,-11,-19,-15,
};

const uint8_t bnGlyphXAdv[128] PROGMEM = {
  11,10,19,19,12,18,23,11,14,14,16,17,12,12,12,15,17,12,12,15,
  17,16,13,13,12,14,11,12,17,16,20,11,11,14,11,12,14,13,11,12,
  12,12,14,17,12,14,12,13,12,12,15,12,12,12,14,13,12,11,12,12,
  10,11,16,16,16,10,10,10,10,12,12,17,17,12,12,23,23,10,11,12,
  12,12,12,12,12,12,12,16,12,12,12,12,14,11,12,13,17,14,10,10,
  12,12,12,12,12,12,12,12,12,12,12,12,12,12,12,12,12,12,14,5,
  12,10,14,6,11,9,10,12,
};


// Consonant + vowel-sign (matra) clusters, PROPERLY shaped
// (correct attachment position, no dotted-circle artifact).
// Indexed as [consonantIndex * NUM_MATRAS + matraIndex].
// Falls back to the isolated-glyph table above for anything
// not covered here (bare consonants, independent vowels,
// digits, virama/conjuncts, punctuation).
// ============================================================
#define NUM_BN_CONSONANTS 41
#define NUM_BN_MATRAS 10
const uint16_t bnConsonants[NUM_BN_CONSONANTS] PROGMEM = { 0x0995,0x0996,0x0997,0x0998,0x0999,0x099A,0x099B,0x099C,0x099D,0x099E,0x099F,0x09A0,0x09A1,0x09A2,0x09A3,0x09A4,0x09A5,0x09A6,0x09A7,0x09A8,0x09A9,0x09AA,0x09AB,0x09AC,0x09AD,0x09AE,0x09AF,0x09B0,0x09B1,0x09B2,0x09B3,0x09B4,0x09B5,0x09B6,0x09B7,0x09B8,0x09B9,0x09DC,0x09DD,0x09DF,0x09CE };
const uint16_t bnMatras[NUM_BN_MATRAS] PROGMEM = { 0x09BE,0x09BF,0x09C0,0x09C1,0x09C2,0x09C3,0x09C7,0x09C8,0x09CB,0x09CC };

const uint8_t bnClusterBitmap[22332] PROGMEM = {
  0x00,0x00,0x20,0xFF,0xFF,0xBC,0x00,0xC1,0xF0,0x00,0xC0,0x30,0x03,0xF8,0x30,0x0E,
  0xDC,0x30,0x38,0xC6,0x30,0x60,0xC3,0x30,0x78,0xDF,0x30,0x1E,0xDE,0x30,0x07,0xC0,
  0x30,0x01,0xC0,0x30,0x01,0xC0,0x30,0x00,0xC0,0x30,0x0F,0xC0,0x00,0x1F,0xF0,0x00,
  0x70,0x1C,0x00,0x60,0x06,0x00,0x60,0x00,0x00,0x60,0x00,0x00,0xFF,0xFF,0xFC,0x34,
  0x06,0x00,0x30,0x06,0x00,0x30,0x1F,0xC0,0x30,0x76,0xE0,0x31,0xC6,0x30,0x33,0x06,
  0x18,0x33,0xC6,0xF8,0x30,0xF6,0xF0,0x30,0x3E,0x00,0x30,0x0E,0x00,0x30,0x0E,0x00,
  0x20,0x06,0x00,0x00,0xFE,0x00,0x03,0xCF,0x80,0x03,0x00,0xC0,0x01,0xFC,0x60,0x00,
  0x0C,0x20,0x00,0x06,0x30,0xFF,0xFF,0xFC,0x00,0xC0,0xB0,0x00,0xC0,0x30,0x03,0xF8,
  0x30,0x0E,0xDC,0x30,0x38,0xC6,0x30,0x60,0xC3,0x30,0x78,0xDF,0x30,0x1E,0xDE,0x30,
  0x07,0xC0,0x30,0x01,0xC0,0x30,0x01,0xC0,0x30,0x00,0xC0,0x30,0xFF,0xFF,0x80,0x00,
  0xC0,0x00,0x00,0xC0,0x00,0x03,0xF8,0x00,0x0E,0xDC,0x00,0x38,0xC6,0x00,0x60,0xC3,
  0x00,0x78,0xDF,0x00,0x1E,0xDE,0x00,0x07,0xC0,0x00,0x01,0xC0,0x00,0x01,0xC0,0x00,
  0x00,0xC0,0x00,0x07,0xC0,0x00,0x0C,0xE0,0x00,0x0D,0xF0,0x00,0x07,0x90,0x00,0x00,
  0x00,0x00,0xFF,0xFF,0x80,0x00,0xC0,0x00,0x00,0xC0,0x00,0x03,0xF8,0x00,0x0E,0xDC,
  0x00,0x38,0xC6,0x00,0x60,0xC3,0x00,0x78,0xDF,0x00,0x1E,0xDE,0x00,0x07,0xC0,0x00,
  0x01,0xC0,0x00,0x01,0xC0,0x00,0x00,0xC0,0x00,0x03,0xC0,0x00,0x06,0x00,0x00,0x06,
  0x60,0x00,0x03,0xF8,0x00,0x00,0x00,0x00,0xFF,0xFF,0x80,0x00,0xC0,0x00,0x00,0xC0,
  0x00,0x03,0xF8,0x00,0x0E,0xDC,0x00,0x38,0xC6,0x00,0x60,0xC3,0x00,0x78,0xDF,0x00,
  0x1E,0xDE,0x00,0x07,0xC0,0x00,0x01,0xC0,0x00,0x01,0xC0,0x00,0x00,0xC0,0x00,0x01,
  0xC0,0x00,0x07,0x00,0x00,0x06,0x00,0x00,0x03,0x80,0x00,0x00,0xC0,0x00,0x00,0x00,
  0x00,0x07,0xFF,0xFF,0x1E,0x01,0x80,0x38,0x01,0x80,0x30,0x07,0xF0,0x20,0x1D,0xB8,
  0x60,0x71,0x8C,0x60,0xC1,0x86,0x60,0xF1,0xBE,0x60,0x3D,0xBC,0x60,0x0F,0x80,0x2E,
  0x03,0x80,0x3E,0x03,0x80,0x1E,0x01,0x80,0x00,0x00,0x00,0xC0,0x00,0x00,0x00,0xC0,
  0x00,0x00,0x00,0xE0,0x00,0x00,0x00,0x7E,0x00,0x00,0x00,0x03,0x00,0x00,0x00,0x03,
  0x00,0x00,0x00,0x03,0xFF,0xFF,0x80,0x0F,0x80,0xC0,0x00,0x0C,0x00,0xC0,0x00,0x18,
  0x03,0xF8,0x00,0x10,0x0E,0xDC,0x00,0x30,0x38,0xC6,0x00,0x30,0x60,0xC3,0x00,0x30,
  0x78,0xDF,0x00,0x30,0x1E,0xDE,0x00,0x30,0x07,0xC0,0x00,0x17,0x01,0xC0,0x00,0x1F,
  0x01,0xC0,0x00,0x0F,0x00,0xC0,0x00,0x00,0x00,0x00,0x00,0x00,0x00,0x00,0x40,0x07,
  0xFF,0xFF,0x78,0x1E,0x01,0x83,0xE0,0x38,0x01,0x80,0x60,0x30,0x07,0xF0,0x60,0x20,
  0x1D,0xB8,0x60,0x60,0x71,0x8C,0x60,0x60,0xC1,0x86,0x60,0x60,0xF1,0xBE,0x60,0x60,
  0x3D,0xBC,0x60,0x60,0x0F,0x80,0x60,0x2E,0x03,0x80,0x60,0x3E,0x03,0x80,0x60,0x1E,
  0x01,0x80,0x60,0x00,0x00,0x00,0x00,0x00,0x00,0xC0,0x00,0x00,0x00,0xC0,0x00,0x00,
  0x00,0xE0,0x00,0x00,0x00,0x7F,0xC0,0x00,0x00,0x00,0x60,0x00,0x00,0x00,0x60,0x07,
  0xFF,0xFF,0xF8,0x1E,0x01,0x81,0x60,0x38,0x01,0x80,0x60,0x30,0x07,0xF0,0x60,0x20,
  0x1D,0xB8,0x60,0x60,0x71,0x8C,0x60,0x60,0xC1,0x86,0x60,0x60,0xF1,0xBE,0x60,0x60,
  0x3D,0xBC,0x60,0x60,0x0F,0x80,0x60,0x2E,0x03,0x80,0x60,0x3E,0x03,0x80,0x60,0x1E,
  0x01,0x80,0x60,0x00,0x00,0x00,0x00,0x00,0x21,0x00,0x60,0x3D,0xE0,0x73,0x3F,0x80,
  0x77,0x31,0x80,0x3D,0xB1,0x80,0x01,0xB1,0x80,0x03,0x31,0x80,0x0F,0x31,0x80,0x3C,
  0x31,0x80,0x1C,0x31,0x80,0x07,0x31,0x80,0x01,0xB1,0x80,0x00,0xF1,0x80,0x00,0x71,
  0x80,0x00,0x20,0x00,0x0F,0xC0,0x00,0x1F,0xF8,0x00,0x30,0x0C,0x00,0x60,0x06,0x00,
  0x60,0x00,0x00,0x60,0x01,0x00,0xFF,0x01,0xE0,0x33,0x99,0x80,0x33,0xB9,0x80,0x31,
  0xED,0x80,0x30,0x0D,0x80,0x30,0x19,0x80,0x30,0x79,0x80,0x31,0xE1,0x80,0x30,0xE1,
  0x80,0x30,0x39,0x80,0x30,0x0D,0x80,0x30,0x07,0x80,0x20,0x03,0x80,0x00,0x01,0x00,
  0x07,0xF0,0x00,0x1E,0x7C,0x00,0x18,0x06,0x00,0x0F,0xE3,0x00,0x00,0x61,0x00,0x00,
  0x31,0x80,0x60,0x3F,0xE0,0x73,0x35,0x80,0x77,0x31,0x80,0x3D,0xB1,0x80,0x01,0xB1,
  0x80,0x03,0x31,0x80,0x0F,0x31,0x80,0x3C,0x31,0x80,0x1C,0x31,0x80,0x07,0x31,0x80,
  0x01,0xB1,0x80,0x00,0xF1,0x80,0x00,0x71,0x80,0x00,0x20,0x00,0x00,0x20,0x60,0x3C,
  0x73,0x30,0x77,0x30,0x3D,0xB0,0x01,0xB0,0x03,0x30,0x0F,0x30,0x3C,0x30,0x1C,0x30,
  0x07,0x30,0x01,0xB0,0x00,0xF0,0x00,0x70,0x01,0xF0,0x03,0x38,0x03,0x7C,0x01,0xE4,
  0x00,0x00,0x00,0x20,0x60,0x3C,0x73,0x30,0x77,0x30,0x3D,0xB0,0x01,0xB0,0x03,0x30,
  0x0F,0x30,0x3C,0x30,0x1C,0x30,0x07,0x30,0x01,0xB0,0x00,0xF0,0x00,0x70,0x00,0xF0,
  0x01,0x80,0x01,0x98,0x00,0xFE,0x00,0x00,0x00,0x20,0x60,0x3C,0x73,0x30,0x77,0x30,
  0x3D,0xB0,0x01,0xB0,0x03,0x30,0x0F,0x30,0x3C,0x30,0x1C,0x30,0x07,0x30,0x01,0xB0,
  0x00,0xF0,0x00,0x70,0x00,0x70,0x01,0xC0,0x01,0x80,0x00,0xE0,0x00,0x30,0x00,0x00,
  0x00,0x00,0x80,0x0F,0x80,0xF0,0x1D,0xCC,0xC0,0x31,0xDC,0xC0,0x30,0xF6,0xC0,0x60,
  0x06,0xC0,0x60,0x0C,0xC0,0x60,0x3C,0xC0,0x60,0xF0,0xC0,0x60,0x70,0xC0,0x60,0x1C,
  0xC0,0x37,0x06,0xC0,0x3F,0x03,0xC0,0x1E,0x01,0xC0,0x00,0x00,0x80,0xC0,0x00,0x00,
  0xC0,0x00,0x00,0xE0,0x00,0x00,0x7E,0x00,0x00,0x06,0x00,0x00,0x03,0x00,0x40,0x07,
  0xC0,0x78,0x0E,0xE6,0x60,0x18,0xEE,0x60,0x18,0x7B,0x60,0x30,0x03,0x60,0x30,0x06,
  0x60,0x30,0x1E,0x60,0x30,0x78,0x60,0x30,0x38,0x60,0x30,0x0E,0x60,0x13,0x83,0x60,
  0x1F,0x81,0xE0,0x0F,0x00,0xE0,0x00,0x00,0x40,0x00,0x00,0x82,0x00,0x0F,0x80,0xFB,
  0xC0,0x1D,0xCC,0xCF,0x00,0x31,0xDC,0xC3,0x00,0x30,0xF6,0xC3,0x00,0x60,0x06,0xC3,
  0x00,0x60,0x0C,0xC3,0x00,0x60,0x3C,0xC3,0x00,0x60,0xF0,0xC3,0x00,0x60,0x70,0xC3,
  0x00,0x60,0x1C,0xC3,0x00,0x37,0x06,0xC3,0x00,0x3F,0x03,0xC3,0x00,0x1E,0x01,0xC3,
  0x00,0x00,0x00,0x80,0x00,0x00,0x06,0x00,0x00,0x00,0x06,0x00,0x00,0x00,0x07,0x00,
  0x00,0x00,0x03,0xFE,0x00,0x00,0x00,0x03,0x00,0x00,0x00,0x83,0x00,0x0F,0x80,0xFF,
  0xC0,0x1D,0xCC,0xC3,0x00,0x31,0xDC,0xC3,0x00,0x30,0xF6,0xC3,0x00,0x60,0x06,0xC3,
  0x00,0x60,0x0C,0xC3,0x00,0x60,0x3C,0xC3,0x00,0x60,0xF0,0xC3,0x00,0x60,0x70,0xC3,
  0x00,0x60,0x1C,0xC3,0x00,0x37,0x06,0xC3,0x00,0x3F,0x03,0xC3,0x00,0x1E,0x01,0xC3,
  0x00,0x00,0x00,0x80,0x00,0x00,0x41,0x00,0x1E,0x7D,0xE0,0x3F,0x67,0x80,0x61,0xE1,
  0x80,0xC0,0xE1,0x80,0xFC,0x61,0x80,0x6C,0x61,0x80,0x06,0x61,0x80,0x06,0x61,0x80,
  0x0C,0x61,0x80,0x1C,0x61,0x80,0x10,0x61,0x80,0x00,0x61,0x80,0x00,0x61,0x80,0x0F,
  0xC0,0x00,0x1F,0xF0,0x00,0x70,0x1C,0x00,0x60,0x06,0x00,0x60,0x00,0x00,0x60,0x02,
  0x00,0xFC,0xF3,0xC0,0x31,0xFB,0x00,0x33,0x0F,0x00,0x36,0x07,0x00,0x37,0xE3,0x00,
  0x33,0x63,0x00,0x30,0x33,0x00,0x30,0x33,0x00,0x30,0x63,0x00,0x30,0xE3,0x00,0x30,
  0x83,0x00,0x30,0x03,0x00,0x20,0x03,0x00,0x07,0xF0,0x00,0x1E,0x7C,0x00,0x18,0x06,
  0x00,0x0F,0xE3,0x00,0x00,0x61,0x00,0x00,0x71,0x80,0x1E,0x7F,0xE0,0x3F,0x61,0x80,
  0x61,0xE1,0x80,0xC0,0xE1,0x80,0xFC,0x61,0x80,0x6C,0x61,0x80,0x06,0x61,0x80,0x06,
  0x61,0x80,0x0C,0x61,0x80,0x1C,0x61,0x80,0x10,0x61,0x80,0x00,0x61,0x80,0x00,0x61,
  0x80,0x07,0x18,0x0F,0x98,0x48,0x7C,0x4F,0x6C,0x61,0x8C,0x61,0x0C,0x37,0x78,0x30,
  0x78,0x18,0x0C,0x0C,0x0C,0x07,0xF8,0x01,0xF0,0x00,0x00,0x00,0x40,0x1E,0x78,0x3F,
  0x60,0x61,0xE0,0xC0,0xE0,0xFC,0x60,0x6C,0x60,0x06,0x60,0x06,0x60,0x0C,0x60,0x1C,
  0x60,0x10,0x60,0x00,0x60,0x00,0x60,0x01,0xE0,0x03,0x00,0x03,0x30,0x01,0xFC,0x00,
  0x00,0x00,0x40,0x1E,0x78,0x3F,0x60,0x61,0xE0,0xC0,0xE0,0xFC,0x60,0x6C,0x60,0x06,
  0x60,0x06,0x60,0x0C,0x60,0x1C,0x60,0x10,0x60,0x00,0x60,0x00,0x60,0x00,0xE0,0x03,
  0x80,0x03,0x00,0x01,0xC0,0x00,0x60,0x00,0x00,0x00,0x01,0x00,0x0E,0x79,0xE0,0x1C,
  0xFD,0x80,0x31,0x87,0x80,0x33,0x03,0x80,0x63,0xF1,0x80,0x61,0xB1,0x80,0x60,0x19,
  0x80,0x60,0x19,0x80,0x60,0x31,0x80,0x60,0x71,0x80,0x37,0x41,0x80,0x3F,0x01,0x80,
  0x1E,0x01,0x80,0x00,0x00,0x00,0xC0,0x00,0x00,0xC0,0x00,0x00,0xE0,0x00,0x00,0x7E,
  0x00,0x00,0x06,0x00,0x00,0x03,0x00,0x80,0x07,0x3C,0xF0,0x0E,0x7E,0xC0,0x18,0xC3,
  0xC0,0x19,0x81,0xC0,0x31,0xF8,0xC0,0x30,0xD8,0xC0,0x30,0x0C,0xC0,0x30,0x0C,0xC0,
  0x30,0x18,0xC0,0x30,0x38,0xC0,0x13,0xA0,0xC0,0x1F,0x80,0xC0,0x0F,0x00,0xC0,0x00,
  0x00,0x00,0x00,0x01,0x04,0x00,0x0E,0x79,0xF7,0x80,0x1C,0xFD,0x9E,0x00,0x31,0x87,
  0x86,0x00,0x33,0x03,0x86,0x00,0x63,0xF1,0x86,0x00,0x61,0xB1,0x86,0x00,0x60,0x19,
  0x86,0x00,0x60,0x19,0x86,0x00,0x60,0x31,0x86,0x00,0x60,0x71,0x86,0x00,0x37,0x41,
  0x86,0x00,0x3F,0x01,0x86,0x00,0x1E,0x01,0x86,0x00,0x00,0x00,0x00,0x00,0x00,0x0C,
  0x00,0x00,0x00,0x0C,0x00,0x00,0x00,0x0E,0x00,0x00,0x00,0x07,0xFC,0x00,0x00,0x00,
  0x06,0x00,0x00,0x01,0x06,0x00,0x0E,0x79,0xFF,0x80,0x1C,0xFD,0x86,0x00,0x31,0x87,
  0x86,0x00,0x33,0x03,0x86,0x00,0x63,0xF1,0x86,0x00,0x61,0xB1,0x86,0x00,0x60,0x19,
  0x86,0x00,0x60,0x19,0x86,0x00,0x60,0x31,0x86,0x00,0x60,0x71,0x86,0x00,0x37,0x41,
  0x86,0x00,0x3F,0x01,0x86,0x00,0x1E,0x01,0x86,0x00,0x00,0x00,0x00,0x00,0x00,0x02,
  0x00,0xFF,0xFB,0xC0,0x78,0x7F,0x00,0x20,0x63,0x00,0x60,0x63,0x00,0x36,0x63,0x00,
  0x3E,0x63,0x00,0x18,0x63,0x00,0x30,0x63,0x00,0x3C,0x63,0x00,0x06,0x63,0x00,0x03,
  0x63,0x00,0x00,0xE3,0x00,0x00,0x63,0x00,0x0F,0xC0,0x00,0x1F,0xF8,0x00,0x30,0x0C,
  0x00,0x60,0x06,0x00,0x60,0x00,0x00,0x60,0x00,0x00,0xFF,0xFF,0xC0,0x37,0xC3,0x00,
  0x31,0x03,0x00,0x33,0x03,0x00,0x31,0xB3,0x00,0x31,0xF3,0x00,0x30,0xC3,0x00,0x31,
  0x83,0x00,0x31,0xE3,0x00,0x30,0x33,0x00,0x30,0x1B,0x00,0x30,0x07,0x00,0x20,0x03,
  0x00,0x0F,0xE0,0x00,0x3C,0xF8,0x00,0x30,0x0C,0x00,0x1F,0xC6,0x00,0x00,0xC2,0x00,
  0x00,0x63,0x00,0xFF,0xFF,0xC0,0x78,0x6B,0x00,0x20,0x63,0x00,0x60,0x63,0x00,0x36,
  0x63,0x00,0x3E,0x63,0x00,0x18,0x63,0x00,0x30,0x63,0x00,0x3C,0x63,0x00,0x06,0x63,
  0x00,0x03,0x63,0x00,0x00,0xE3,0x00,0x00,0x63,0x00,0xFF,0xF8,0x78,0x60,0x20,0x60,
  0x60,0x60,0x36,0x60,0x3E,0x60,0x18,0x60,0x30,0x60,0x3C,0x60,0x06,0x60,0x03,0x60,
  0x00,0xE0,0x00,0xE0,0x03,0xE0,0x06,0x70,0x06,0xF8,0x03,0xC8,0x00,0x00,0xFF,0xF8,
  0x78,0x60,0x20,0x60,0x60,0x60,0x36,0x60,0x3E,0x60,0x18,0x60,0x30,0x60,0x3C,0x60,
  0x06,0x60,0x03,0x60,0x00,0xE0,0x00,0xE0,0x01,0xE0,0x03,0x00,0x03,0x30,0x01,0xFC,
  0x00,0x00,0xFF,0xF8,0x78,0x60,0x20,0x60,0x60,0x60,0x36,0x60,0x3E,0x60,0x18,0x60,
  0x30,0x60,0x3C,0x60,0x06,0x60,0x03,0x60,0x00,0xE0,0x00,0x60,0x00,0xE0,0x03,0x80,
  0x03,0x00,0x01,0xC0,0x00,0x60,0x00,0x00,0x07,0xFF,0xF0,0x1E,0xF0,0xC0,0x38,0x40,
  0xC0,0x30,0xC0,0xC0,0x20,0x6C,0xC0,0x60,0x7C,0xC0,0x60,0x30,0xC0,0x60,0x60,0xC0,
  0x60,0x78,0xC0,0x60,0x0C,0xC0,0x2E,0x06,0xC0,0x3E,0x01,0xC0,0x1E,0x00,0xC0,0x00,
  0x00,0x00,0xC0,0x00,0x00,0xC0,0x00,0x00,0xE0,0x00,0x00,0x7E,0x00,0x00,0x03,0x00,
  0x00,0x03,0x00,0x00,0x03,0xFF,0xF8,0x0F,0xF8,0x60,0x0C,0x20,0x60,0x18,0x60,0x60,
  0x10,0x36,0x60,0x30,0x3E,0x60,0x30,0x18,0x60,0x30,0x30,0x60,0x30,0x3C,0x60,0x30,
  0x06,0x60,0x17,0x03,0x60,0x1F,0x00,0xE0,0x0F,0x00,0x60,0x00,0x00,0x00,0x00,0x00,
  0x02,0x00,0x07,0xFF,0xFB,0xC0,0x1E,0xF0,0xDF,0x00,0x38,0x40,0xC3,0x00,0x30,0xC0,
  0xC3,0x00,0x20,0x6C,0xC3,0x00,0x60,0x7C,0xC3,0x00,0x60,0x30,0xC3,0x00,0x60,0x60,
  0xC3,0x00,0x60,0x78,0xC3,0x00,0x60,0x0C,0xC3,0x00,0x2E,0x06,0xC3,0x00,0x3E,0x01,
  0xC3,0x00,0x1E,0x00,0xC3,0x00,0x00,0x00,0x00,0x00,0x00,0x06,0x00,0x00,0x00,0x06,
  0x00,0x00,0x00,0x07,0x00,0x00,0x00,0x03,0xFE,0x00,0x00,0x00,0x03,0x00,0x00,0x00,
  0x03,0x00,0x07,0xFF,0xFF,0xC0,0x1E,0xF0,0xC3,0x00,0x38,0x40,0xC3,0x00,0x30,0xC0,
  0xC3,0x00,0x20,0x6C,0xC3,0x00,0x60,0x7C,0xC3,0x00,0x60,0x30,0xC3,0x00,0x60,0x60,
  0xC3,0x00,0x60,0x78,0xC3,0x00,0x60,0x0C,0xC3,0x00,0x2E,0x06,0xC3,0x00,0x3E,0x01,
  0xC3,0x00,0x1E,0x00,0xC3,0x00,0x00,0x00,0x00,0x00,0x00,0x00,0x80,0x10,0xE2,0xF0,
  0x19,0xF3,0xC0,0x0F,0x30,0xC0,0x07,0x30,0xC0,0x63,0xE0,0xC0,0x23,0x00,0xC0,0x33,
  0x38,0xC0,0x33,0x68,0xC0,0x19,0xCC,0xC0,0x0C,0x18,0xC0,0x07,0xF8,0xC0,0x03,0xE0,
  0xC0,0x00,0x00,0xC0,0x0F,0xC0,0x00,0x1F,0xF8,0x00,0x30,0x0C,0x00,0x60,0x06,0x00,
  0x60,0x00,0x00,0x60,0x00,0x00,0xFC,0x87,0x00,0x30,0xCF,0x80,0x30,0x79,0x80,0x30,
  0x39,0x80,0x33,0x1F,0x00,0x31,0x18,0x00,0x31,0x99,0xC0,0x31,0x9B,0x40,0x30,0xCE,
  0x60,0x30,0x60,0xC0,0x30,0x3F,0xC0,0x30,0x1F,0x00,0x20,0x00,0x00,0x03,0xF8,0x00,
  0x07,0xFE,0x00,0x0C,0x03,0x00,0x0C,0x01,0x80,0x07,0xF8,0x80,0x00,0x00,0xC0,0x10,
  0xE3,0xF0,0x19,0xF0,0xC0,0x0F,0x30,0xC0,0x07,0x30,0xC0,0x63,0xE0,0xC0,0x23,0x00,
  0xC0,0x33,0x38,0xC0,0x33,0x68,0xC0,0x19,0xCC,0xC0,0x0C,0x18,0xC0,0x07,0xF8,0xC0,
  0x03,0xE0,0xC0,0x00,0x00,0xC0,0x10,0xE0,0x19,0xF0,0x0F,0x30,0x07,0x30,0x63,0xE0,
  0x23,0x00,0x33,0x38,0x33,0x68,0x19,0xCC,0x0C,0x18,0x07,0xF8,0x03,0xE0,0x00,0x60,
  0x00,0x60,0x03,0xE0,0x06,0x70,0x06,0x78,0x06,0xC8,0x03,0x80,0x00,0x00,0x10,0xE0,
  0x19,0xF0,0x0F,0x30,0x07,0x30,0x63,0xE0,0x23,0x00,0x33,0x38,0x33,0x68,0x19,0xCC,
  0x0C,0x18,0x07,0xF8,0x03,0xE0,0x00,0x60,0x00,0x60,0x01,0xE0,0x03,0x00,0x03,0x30,
  0x01,0xFC,0x00,0x00,0x10,0xE0,0x19,0xF0,0x0F,0x30,0x07,0x30,0x63,0xE0,0x23,0x00,
  0x33,0x38,0x33,0x68,0x19,0xCC,0x0C,0x18,0x07,0xF8,0x03,0xE0,0x00,0x00,0x00,0xE0,
  0x03,0x80,0x03,0x00,0x01,0xC0,0x00,0x60,0x00,0x00,0x06,0x21,0xC0,0x1E,0x33,0xE0,
  0x38,0x1E,0x60,0x30,0x0E,0x60,0x20,0xC7,0xC0,0x60,0x46,0x00,0x60,0x66,0x70,0x60,
  0x66,0xD0,0x60,0x33,0x98,0x60,0x18,0x30,0x2E,0x0F,0xF0,0x3E,0x07,0xC0,0x1E,0x00,
  0x00,0x00,0x00,0x00,0xC0,0x00,0x00,0xC0,0x00,0x00,0xE0,0x00,0x00,0x7E,0x00,0x00,
  0x03,0x00,0x00,0x03,0x00,0x00,0x03,0x10,0xE0,0x0F,0x19,0xF0,0x0C,0x0F,0x30,0x18,
  0x07,0x30,0x10,0x63,0xE0,0x30,0x23,0x00,0x30,0x33,0x38,0x30,0x33,0x68,0x30,0x19,
  0xCC,0x30,0x0C,0x18,0x17,0x07,0xF8,0x1F,0x03,0xE0,0x0F,0x00,0x00,0x00,0x00,0x00,
  0x00,0x00,0x00,0x80,0x06,0x21,0xC2,0xF0,0x1E,0x33,0xE3,0xC0,0x38,0x1E,0x60,0xC0,
  0x30,0x0E,0x60,0xC0,0x20,0xC7,0xC0,0xC0,0x60,0x46,0x00,0xC0,0x60,0x66,0x70,0xC0,
  0x60,0x66,0xD0,0xC0,0x60,0x33,0x98,0xC0,0x60,0x18,0x30,0xC0,0x2E,0x0F,0xF0,0xC0,
  0x3E,0x07,0xC0,0xC0,0x1E,0x00,0x00,0xC0,0x00,0x00,0x00,0x00,0x00,0x01,0x80,0x00,
  0x00,0x01,0x80,0x00,0x00,0x01,0xC0,0x00,0x00,0x00,0xFF,0x80,0x00,0x00,0x00,0xC0,
  0x00,0x00,0x00,0xC0,0x06,0x21,0xC3,0xF0,0x1E,0x33,0xE0,0xC0,0x38,0x1E,0x60,0xC0,
  0x30,0x0E,0x60,0xC0,0x20,0xC7,0xC0,0xC0,0x60,0x46,0x00,0xC0,0x60,0x66,0x70,0xC0,
  0x60,0x66,0xD0,0xC0,0x60,0x33,0x98,0xC0,0x60,0x18,0x30,0xC0,0x2E,0x0F,0xF0,0xC0,
  0x3E,0x07,0xC0,0xC0,0x1E,0x00,0x00,0xC0,0x00,0x00,0x00,0x00,0x00,0x04,0x00,0xFF,
  0xF7,0x80,0x30,0x3E,0x00,0x30,0x06,0x00,0x38,0x06,0x00,0x3F,0x86,0x00,0x30,0xC6,
  0x00,0x30,0xC6,0x00,0x30,0xC6,0x00,0x30,0xC6,0x00,0x31,0x86,0x00,0x3F,0x06,0x00,
  0x1E,0x06,0x00,0x00,0x06,0x00,0x0F,0x00,0x3F,0xC0,0x60,0x70,0x60,0x10,0x60,0x00,
  0x60,0x00,0xFF,0xFF,0x35,0x80,0x31,0x80,0x31,0xC0,0x31,0xFC,0x31,0x86,0x31,0x86,
  0x31,0x86,0x31,0x86,0x31,0x8C,0x31,0xF8,0x30,0xF0,0x20,0x00,0x1F,0xC0,0x00,0x79,
  0xF0,0x00,0x60,0x18,0x00,0x3F,0x8C,0x00,0x01,0x84,0x00,0x00,0xC6,0x00,0xFF,0xFF,
  0x80,0x30,0x06,0x00,0x30,0x06,0x00,0x38,0x06,0x00,0x3F,0x86,0x00,0x30,0xC6,0x00,
  0x30,0xC6,0x00,0x30,0xC6,0x00,0x30,0xC6,0x00,0x31,0x86,0x00,0x3F,0x06,0x00,0x1E,
  0x06,0x00,0x00,0x06,0x00,0xFF,0xE0,0x30,0x00,0x30,0x00,0x38,0x00,0x3F,0x80,0x30,
  0xC0,0x30,0xC0,0x30,0xC0,0x30,0xC0,0x31,0x80,0x3F,0x00,0x1E,0x00,0x06,0x00,0x3E,
  0x00,0x67,0x00,0x67,0x80,0x6C,0x80,0x38,0x00,0x00,0x00,0xFF,0xE0,0x30,0x00,0x30,
  0x00,0x38,0x00,0x3F,0x80,0x30,0xC0,0x30,0xC0,0x30,0xC0,0x30,0xC0,0x31,0x80,0x3F,
  0x00,0x1E,0x00,0x06,0x00,0x1E,0x00,0x30,0x00,0x33,0x00,0x1F,0xC0,0x00,0x00,0xFF,
  0xE0,0x30,0x00,0x30,0x00,0x38,0x00,0x3F,0x80,0x30,0xC0,0x30,0xC0,0x30,0xC0,0x30,
  0xC0,0x31,0x80,0x3F,0x00,0x1E,0x00,0x0E,0x00,0x38,0x00,0x30,0x00,0x1C,0x00,0x06,
  0x00,0x00,0x00,0x07,0xFF,0xC0,0x1E,0x60,0x00,0x38,0x60,0x00,0x30,0x70,0x00,0x20,
  0x7F,0x00,0x60,0x61,0x80,0x60,0x61,0x80,0x60,0x61,0x80,0x60,0x61,0x80,0x60,0x63,
  0x00,0x2E,0x7E,0x00,0x3E,0x3C,0x00,0x1E,0x00,0x00,0x00,0x00,0x00,0xC0,0x00,0x00,
  0xC0,0x00,0x00,0xE0,0x00,0x00,0x7E,0x00,0x00,0x03,0x00,0x00,0x03,0x00,0x00,0x03,
  0xFF,0xE0,0x0F,0xB0,0x00,0x0C,0x30,0x00,0x18,0x38,0x00,0x10,0x3F,0x80,0x30,0x30,
  0xC0,0x30,0x30,0xC0,0x30,0x30,0xC0,0x30,0x30,0xC0,0x30,0x31,0x80,0x17,0x3F,0x00,
  0x1F,0x1E,0x00,0x0F,0x00,0x00,0x00,0x00,0x00,0x00,0x00,0x08,0x07,0xFF,0xEF,0x1E,
  0x60,0x7C,0x38,0x60,0x0C,0x30,0x70,0x0C,0x20,0x7F,0x0C,0x60,0x61,0x8C,0x60,0x61,
  0x8C,0x60,0x61,0x8C,0x60,0x61,0x8C,0x60,0x63,0x0C,0x2E,0x7E,0x0C,0x3E,0x3C,0x0C,
  0x1E,0x00,0x0C,0x00,0x00,0x00,0x00,0x18,0x00,0x00,0x18,0x00,0x00,0x1C,0x00,0x00,
  0x0F,0xF8,0x00,0x00,0x0C,0x00,0x00,0x0C,0x07,0xFF,0xFF,0x1E,0x60,0x0C,0x38,0x60,
  0x0C,0x30,0x70,0x0C,0x20,0x7F,0x0C,0x60,0x61,0x8C,0x60,0x61,0x8C,0x60,0x61,0x8C,
  0x60,0x61,0x8C,0x60,0x63,0x0C,0x2E,0x7E,0x0C,0x3E,0x3C,0x0C,0x1E,0x00,0x0C,0x00,
  0x00,0x00,0x00,0x02,0x00,0xFF,0xFB,0xC0,0x30,0x1F,0x00,0x30,0x03,0x00,0x3F,0xC3,
  0x00,0x33,0xC3,0x00,0x33,0x63,0x00,0x36,0x63,0x00,0x1C,0x63,0x00,0x00,0x63,0x00,
  0x01,0xC3,0x00,0x1F,0x83,0x00,0x07,0x83,0x00,0x00,0xE3,0x00,0x00,0x30,0x00,0x00,
  0x00,0x00,0x0F,0xC0,0x00,0x3F,0xF0,0x00,0x70,0x18,0x00,0x60,0x0C,0x00,0x60,0x00,
  0x00,0x60,0x00,0x00,0xFF,0xFF,0xC0,0x35,0x80,0x00,0x31,0x80,0x00,0x31,0xFE,0x00,
  0x31,0x9E,0x00,0x31,0x9B,0x00,0x31,0xB3,0x00,0x30,0xE3,0x00,0x30,0x03,0x00,0x30,
  0x0E,0x00,0x30,0xFC,0x00,0x30,0x3C,0x00,0x20,0x07,0x00,0x00,0x01,0x80,0x00,0x00,
  0x00,0x0F,0xE0,0x00,0x3C,0xF8,0x00,0x30,0x0C,0x00,0x1F,0xC6,0x00,0x00,0xC2,0x00,
  0x00,0x63,0x00,0xFF,0xFF,0xC0,0x30,0x0B,0x00,0x30,0x03,0x00,0x3F,0xC3,0x00,0x33,
  0xC3,0x00,0x33,0x63,0x00,0x36,0x63,0x00,0x1C,0x63,0x00,0x00,0x63,0x00,0x01,0xC3,
  0x00,0x1F,0x83,0x00,0x07,0x83,0x00,0x00,0xE3,0x00,0x00,0x30,0x00,0x00,0x00,0x00,
  0xFF,0xF8,0x30,0x00,0x30,0x00,0x3F,0xC0,0x33,0xC0,0x33,0x60,0x36,0x60,0x1C,0x60,
  0x00,0x60,0x01,0xC0,0x1F,0x80,0x07,0x80,0x01,0xE0,0x0F,0xB0,0x19,0xC0,0x19,0xE0,
  0x1B,0x20,0x0E,0x00,0x00,0x00,0xFF,0xF8,0x30,0x00,0x30,0x00,0x3F,0xC0,0x33,0xC0,
  0x33,0x60,0x36,0x60,0x1C,0x60,0x00,0x60,0x01,0xC0,0x1F,0x80,0x07,0x80,0x01,0xE0,
  0x07,0xB0,0x0C,0x00,0x0C,0xC0,0x07,0xF0,0x00,0x00,0xFF,0xF8,0x30,0x00,0x30,0x00,
  0x3F,0xC0,0x33,0xC0,0x33,0x60,0x36,0x60,0x1C,0x60,0x00,0x60,0x01,0xC0,0x1F,0x80,
  0x07,0x80,0x03,0xE0,0x0E,0x30,0x0C,0x00,0x07,0x00,0x01,0x80,0x00,0x00,0x07,0xFF,
  0xF0,0x1E,0x60,0x00,0x38,0x60,0x00,0x30,0x7F,0x80,0x20,0x67,0x80,0x60,0x66,0xC0,
  0x60,0x6C,0xC0,0x60,0x38,0xC0,0x60,0x00,0xC0,0x60,0x03,0x80,0x2E,0x3F,0x00,0x3E,
  0x0F,0x00,0x1E,0x01,0xC0,0x00,0x00,0x60,0x00,0x00,0x00,0xC0,0x00,0x00,0xC0,0x00,
  0x00,0xE0,0x00,0x00,0x7E,0x00,0x00,0x03,0x00,0x00,0x03,0x00,0x00,0x03,0xFF,0xF8,
  0x0F,0xB0,0x00,0x0C,0x30,0x00,0x18,0x3F,0xC0,0x10,0x33,0xC0,0x30,0x33,0x60,0x30,
  0x36,0x60,0x30,0x1C,0x60,0x30,0x00,0x60,0x30,0x01,0xC0,0x17,0x1F,0x80,0x1F,0x07,
  0x80,0x0F,0x00,0xE0,0x00,0x00,0x30,0x00,0x00,0x00,0x00,0x00,0x04,0x00,0x07,0xFF,
  0xF7,0x80,0x1E,0x60,0x3E,0x00,0x38,0x60,0x06,0x00,0x30,0x7F,0x86,0x00,0x20,0x67,
  0x86,0x00,0x60,0x66,0xC6,0x00,0x60,0x6C,0xC6,0x00,0x60,0x38,0xC6,0x00,0x60,0x00,
  0xC6,0x00,0x60,0x03,0x86,0x00,0x2E,0x3F,0x06,0x00,0x3E,0x0F,0x06,0x00,0x1E,0x01,
  0xC6,0x00,0x00,0x00,0x60,0x00,0x00,0x00,0x00,0x00,0x00,0x0C,0x00,0x00,0x00,0x0C,
  0x00,0x00,0x00,0x0E,0x00,0x00,0x00,0x07,0xFC,0x00,0x00,0x00,0x06,0x00,0x00,0x00,
  0x06,0x00,0x07,0xFF,0xFF,0x80,0x1E,0x60,0x16,0x00,0x38,0x60,0x06,0x00,0x30,0x7F,
  0x86,0x00,0x20,0x67,0x86,0x00,0x60,0x66,0xC6,0x00,0x60,0x6C,0xC6,0x00,0x60,0x38,
  0xC6,0x00,0x60,0x00,0xC6,0x00,0x60,0x03,0x86,0x00,0x2E,0x3F,0x06,0x00,0x3E,0x0F,
  0x06,0x00,0x1E,0x01,0xC6,0x00,0x00,0x00,0x60,0x00,0x00,0x00,0x00,0x00,0x00,0x00,
  0x10,0xFF,0xFF,0xDE,0x03,0xF0,0xF8,0x03,0x30,0x18,0x62,0x1E,0x18,0x66,0x03,0x18,
  0x66,0x23,0x18,0x26,0x72,0x18,0x33,0xF6,0x18,0x10,0x36,0x18,0x18,0x36,0x18,0x0F,
  0xE2,0x18,0x03,0xC2,0x18,0x00,0x03,0x18,0x00,0x00,0x00,0x0F,0xC0,0x00,0x1F,0xF0,
  0x00,0x70,0x1C,0x00,0x60,0x06,0x00,0x60,0x00,0x00,0x60,0x00,0x00,0xFF,0xFF,0xFE,
  0x34,0x1F,0x80,0x30,0x19,0x80,0x33,0x10,0xF0,0x33,0x30,0x18,0x33,0x31,0x18,0x31,
  0x33,0x90,0x31,0x9F,0xB0,0x30,0x81,0xB0,0x30,0xC1,0xB0,0x30,0x7F,0x10,0x30,0x1E,
  0x10,0x20,0x00,0x18,0x00,0x00,0x00,0x00,0x7F,0x00,0x01,0xE7,0xC0,0x01,0x80,0x60,
  0x00,0xFE,0x30,0x00,0x06,0x10,0x00,0x03,0x18,0xFF,0xFF,0xFE,0x03,0xF0,0x58,0x03,
  0x30,0x18,0x62,0x1E,0x18,0x66,0x03,0x18,0x66,0x23,0x18,0x26,0x72,0x18,0x33,0xF6,
  0x18,0x10,0x36,0x18,0x18,0x36,0x18,0x0F,0xE2,0x18,0x03,0xC2,0x18,0x00,0x03,0x18,
  0x00,0x00,0x00,0xFF,0xFF,0xC0,0x03,0xF0,0x00,0x03,0x30,0x00,0x62,0x1E,0x00,0x66,
  0x03,0x00,0x66,0x23,0x00,0x26,0x72,0x00,0x33,0xF6,0x00,0x10,0x36,0x00,0x18,0x36,
  0x00,0x0F,0xE2,0x00,0x03,0xC2,0x00,0x00,0x3F,0x00,0x00,0x66,0x00,0x00,0x67,0x00,
  0x00,0x6F,0x80,0x00,0x3C,0x00,0x00,0x00,0x00,0xFF,0xFF,0xC0,0x03,0xF0,0x00,0x03,
  0x30,0x00,0x62,0x1E,0x00,0x66,0x03,0x00,0x66,0x23,0x00,0x26,0x72,0x00,0x33,0xF6,
  0x00,0x10,0x36,0x00,0x18,0x36,0x00,0x0F,0xE2,0x00,0x03,0xC2,0x00,0x00,0x1F,0x00,
  0x00,0x30,0x00,0x00,0x33,0x00,0x00,0x1F,0x80,0x00,0x00,0xC0,0x00,0x00,0x00,0xFF,
  0xFF,0xC0,0x03,0xF0,0x00,0x03,0x30,0x00,0x62,0x1E,0x00,0x66,0x03,0x00,0x66,0x23,
  0x00,0x26,0x72,0x00,0x33,0xF6,0x00,0x10,0x36,0x00,0x18,0x36,0x00,0x0F,0xE2,0x00,
  0x03,0xC2,0x00,0x00,0x03,0x00,0x00,0x07,0x00,0x00,0x1C,0x00,0x00,0x18,0x00,0x00,
  0x0E,0x00,0x00,0x03,0x00,0x00,0x00,0x00,0x07,0xFF,0xFF,0x80,0x1E,0x07,0xE0,0x00,
  0x38,0x06,0x60,0x00,0x30,0xC4,0x3C,0x00,0x20,0xCC,0x06,0x00,0x60,0xCC,0x46,0x00,
  0x60,0x4C,0xE4,0x00,0x60,0x67,0xEC,0x00,0x60,0x20,0x6C,0x00,0x60,0x30,0x6C,0x00,
  0x2E,0x1F,0xC4,0x00,0x3E,0x07,0x84,0x00,0x1E,0x00,0x06,0x00,0x00,0x00,0x00,0x00,
  0xC0,0x00,0x00,0x00,0xC0,0x00,0x00,0x00,0xE0,0x00,0x00,0x00,0x7E,0x00,0x00,0x00,
  0x03,0x00,0x00,0x00,0x03,0x00,0x00,0x00,0x03,0xFF,0xFF,0xC0,0x0F,0x83,0xF0,0x00,
  0x0C,0x03,0x30,0x00,0x18,0x62,0x1E,0x00,0x10,0x66,0x03,0x00,0x30,0x66,0x23,0x00,
  0x30,0x26,0x72,0x00,0x30,0x33,0xF6,0x00,0x30,0x10,0x36,0x00,0x30,0x18,0x36,0x00,
  0x17,0x0F,0xE2,0x00,0x1F,0x03,0xC2,0x00,0x0F,0x00,0x03,0x00,0x00,0x00,0x00,0x00,
  0x00,0x00,0x00,0x20,0x07,0xFF,0xFF,0xBC,0x1E,0x07,0xE1,0xF0,0x38,0x06,0x60,0x30,
  0x30,0xC4,0x3C,0x30,0x20,0xCC,0x06,0x30,0x60,0xCC,0x46,0x30,0x60,0x4C,0xE4,0x30,
  0x60,0x67,0xEC,0x30,0x60,0x20,0x6C,0x30,0x60,0x30,0x6C,0x30,0x2E,0x1F,0xC4,0x30,
  0x3E,0x07,0x84,0x30,0x1E,0x00,0x06,0x30,0x00,0x00,0x00,0x00,0x00,0x00,0x60,0x00,
  0x00,0x00,0x60,0x00,0x00,0x00,0x70,0x00,0x00,0x00,0x3F,0xE0,0x00,0x00,0x00,0x30,
  0x00,0x00,0x00,0x30,0x07,0xFF,0xFF,0xFC,0x1E,0x07,0xE0,0xB0,0x38,0x06,0x60,0x30,
  0x30,0xC4,0x3C,0x30,0x20,0xCC,0x06,0x30,0x60,0xCC,0x46,0x30,0x60,0x4C,0xE4,0x30,
  0x60,0x67,0xEC,0x30,0x60,0x20,0x6C,0x30,0x60,0x30,0x6C,0x30,0x2E,0x1F,0xC4,0x30,
  0x3E,0x07,0x84,0x30,0x1E,0x00,0x06,0x30,0x00,0x00,0x00,0x00,0x00,0x04,0x10,0xFF,
  0xE7,0xDE,0x00,0x66,0x78,0x00,0x66,0x18,0x01,0xE6,0x18,0x07,0x66,0x18,0x1C,0x66,
  0x18,0x70,0x66,0x18,0x30,0x66,0x18,0x1C,0x76,0x18,0x07,0x7E,0x18,0x01,0xEE,0x18,
  0x00,0xE6,0x18,0x00,0x60,0x18,0x0F,0xC0,0x00,0x1F,0xF0,0x00,0x70,0x1C,0x00,0x60,
  0x06,0x00,0x60,0x00,0x00,0x60,0x00,0x40,0xFF,0xFE,0x78,0x3C,0x06,0x60,0x30,0x06,
  0x60,0x30,0x1E,0x60,0x30,0x76,0x60,0x31,0xC6,0x60,0x37,0x06,0x60,0x33,0x06,0x60,
  0x31,0xC7,0x60,0x30,0x77,0xE0,0x30,0x1E,0xE0,0x30,0x0E,0x60,0x20,0x06,0x00,0x00,
  0x7F,0x00,0x01,0xE7,0xC0,0x01,0x80,0x60,0x00,0xFE,0x30,0x00,0x06,0x10,0x00,0x07,
  0x18,0xFF,0xE7,0xFE,0x00,0x66,0x18,0x00,0x66,0x18,0x01,0xE6,0x18,0x07,0x66,0x18,
  0x1C,0x66,0x18,0x70,0x66,0x18,0x30,0x66,0x18,0x1C,0x76,0x18,0x07,0x7E,0x18,0x01,
  0xEE,0x18,0x00,0xE6,0x18,0x00,0x60,0x18,0x00,0x04,0x00,0xFF,0xE7,0x80,0x00,0x66,
  0x00,0x00,0x66,0x00,0x01,0xE6,0x00,0x07,0x66,0x00,0x1C,0x66,0x00,0x70,0x66,0x00,
  0x30,0x66,0x00,0x1C,0x76,0x00,0x07,0x7E,0x00,0x01,0xEE,0x00,0x00,0xE6,0x00,0x00,
  0x60,0x00,0x03,0xE0,0x00,0x06,0x70,0x00,0x06,0xF8,0x00,0x03,0xC8,0x00,0x00,0x00,
  0x00,0x00,0x04,0x00,0xFF,0xE7,0x80,0x00,0x66,0x00,0x00,0x66,0x00,0x01,0xE6,0x00,
  0x07,0x66,0x00,0x1C,0x66,0x00,0x70,0x66,0x00,0x30,0x66,0x00,0x1C,0x76,0x00,0x07,
  0x7E,0x00,0x01,0xEE,0x00,0x00,0xE6,0x00,0x00,0x60,0x00,0x01,0xE0,0x00,0x03,0x00,
  0x00,0x03,0x30,0x00,0x01,0xFC,0x00,0x00,0x00,0x00,0x00,0x04,0x00,0xFF,0xE7,0x80,
  0x00,0x66,0x00,0x00,0x66,0x00,0x01,0xE6,0x00,0x07,0x66,0x00,0x1C,0x66,0x00,0x70,
  0x66,0x00,0x30,0x66,0x00,0x1C,0x76,0x00,0x07,0x7E,0x00,0x01,0xEE,0x00,0x00,0xE6,
  0x00,0x00,0x60,0x00,0x00,0xE0,0x00,0x03,0x80,0x00,0x03,0x00,0x00,0x01,0xC0,0x00,
  0x00,0x60,0x00,0x00,0x00,0x00,0x00,0x00,0x10,0x07,0xFF,0x9E,0x1E,0x01,0x98,0x38,
  0x01,0x98,0x30,0x07,0x98,0x20,0x1D,0x98,0x60,0x71,0x98,0x61,0xC1,0x98,0x60,0xC1,
  0x98,0x60,0x71,0xD8,0x60,0x1D,0xF8,0x2E,0x07,0xB8,0x3E,0x03,0x98,0x1E,0x01,0x80,
  0x00,0x00,0x00,0xC0,0x00,0x00,0xC0,0x00,0x00,0xE0,0x00,0x00,0x7E,0x00,0x00,0x03,
  0x00,0x00,0x03,0x00,0x08,0x03,0xFF,0xCF,0x0F,0x80,0xCC,0x0C,0x00,0xCC,0x18,0x03,
  0xCC,0x10,0x0E,0xCC,0x30,0x38,0xCC,0x30,0xE0,0xCC,0x30,0x60,0xCC,0x30,0x38,0xEC,
  0x30,0x0E,0xFC,0x17,0x03,0xDC,0x1F,0x01,0xCC,0x0F,0x00,0xC0,0x00,0x00,0x00,0x00,
  0x00,0x10,0x40,0x07,0xFF,0x9F,0x78,0x1E,0x01,0x99,0xE0,0x38,0x01,0x98,0x60,0x30,
  0x07,0x98,0x60,0x20,0x1D,0x98,0x60,0x60,0x71,0x98,0x60,0x61,0xC1,0x98,0x60,0x60,
  0xC1,0x98,0x60,0x60,0x71,0xD8,0x60,0x60,0x1D,0xF8,0x60,0x2E,0x07,0xB8,0x60,0x3E,
  0x03,0x98,0x60,0x1E,0x01,0x80,0x60,0x00,0x00,0x00,0x00,0x00,0x00,0xC0,0x00,0x00,
  0x00,0xC0,0x00,0x00,0x00,0xE0,0x00,0x00,0x00,0x7F,0xC0,0x00,0x00,0x00,0x60,0x00,
  0x00,0x10,0x60,0x07,0xFF,0x9F,0xF8,0x1E,0x01,0x98,0x60,0x38,0x01,0x98,0x60,0x30,
  0x07,0x98,0x60,0x20,0x1D,0x98,0x60,0x60,0x71,0x98,0x60,0x61,0xC1,0x98,0x60,0x60,
  0xC1,0x98,0x60,0x60,0x71,0xD8,0x60,0x60,0x1D,0xF8,0x60,0x2E,0x07,0xB8,0x60,0x3E,
  0x03,0x98,0x60,0x1E,0x01,0x80,0x60,0x00,0x00,0x00,0x00,0x00,0x00,0x02,0x00,0x00,
  0xF0,0x0B,0xC0,0x01,0xFB,0xCF,0x00,0x03,0x1E,0xC3,0x00,0x02,0x1C,0x63,0x00,0x06,
  0x18,0x43,0x00,0x07,0x99,0xC3,0x00,0x63,0x99,0xC3,0x00,0x60,0x18,0x63,0x00,0x60,
  0x1C,0x63,0x00,0x30,0x1E,0xC3,0x00,0x1F,0xFB,0xC3,0x00,0x00,0x38,0x03,0x00,0x00,
  0x18,0x03,0x00,0x07,0xE0,0x00,0x00,0x1F,0xF8,0x00,0x00,0x30,0x0E,0x00,0x00,0x60,
  0x03,0x00,0x00,0x60,0x00,0x00,0x00,0x60,0x00,0x00,0x00,0xFC,0x07,0x80,0x00,0x30,
  0x0F,0xDE,0x00,0x30,0x18,0xF6,0x00,0x30,0x10,0xE3,0x00,0x30,0x30,0xC2,0x00,0x30,
  0x3C,0xCE,0x00,0x33,0x1C,0xCE,0x00,0x33,0x00,0xC3,0x00,0x33,0x00,0xE3,0x00,0x31,
  0x80,0xF6,0x00,0x30,0xFF,0xDE,0x00,0x30,0x01,0xC0,0x00,0x30,0x00,0xC0,0x00,0x00,
  0x0F,0xE0,0x00,0x00,0x1F,0xF8,0x00,0x00,0x30,0x0C,0x00,0x00,0x30,0x06,0x00,0x00,
  0x1F,0xE2,0x00,0x00,0x00,0x03,0x00,0x00,0xF0,0x0F,0xC0,0x01,0xFB,0xC3,0x00,0x03,
  0x1E,0xC3,0x00,0x02,0x1C,0x63,0x00,0x06,0x18,0x43,0x00,0x07,0x99,0xC3,0x00,0x63,
  0x99,0xC3,0x00,0x60,0x18,0x63,0x00,0x60,0x1C,0x63,0x00,0x30,0x1E,0xC3,0x00,0x1F,
  0xFB,0xC3,0x00,0x00,0x38,0x03,0x00,0x00,0x18,0x03,0x00,0x00,0xF0,0x00,0x01,0xFB,
  0xC0,0x03,0x1E,0xC0,0x02,0x1C,0x60,0x06,0x18,0x40,0x07,0x99,0xC0,0x63,0x99,0xC0,
  0x60,0x18,0x60,0x60,0x1C,0x60,0x30,0x1E,0xC0,0x1F,0xFB,0xC0,0x00,0x38,0x00,0x00,
  0x18,0x00,0x00,0xF8,0x00,0x01,0x9C,0x00,0x01,0xBE,0x00,0x00,0xF2,0x00,0x00,0x00,
  0x00,0x00,0xF0,0x00,0x01,0xFB,0xC0,0x03,0x1E,0xC0,0x02,0x1C,0x60,0x06,0x18,0x40,
  0x07,0x99,0xC0,0x63,0x99,0xC0,0x60,0x18,0x60,0x60,0x1C,0x60,0x30,0x1E,0xC0,0x1F,
  0xFB,0xC0,0x00,0x38,0x00,0x00,0x18,0x00,0x00,0x78,0x00,0x00,0xC0,0x00,0x00,0xCC,
  0x00,0x00,0x7F,0x00,0x00,0x00,0x00,0x00,0xF0,0x00,0x01,0xFB,0xC0,0x03,0x1E,0xC0,
  0x02,0x1C,0x60,0x06,0x18,0x40,0x07,0x99,0xC0,0x63,0x99,0xC0,0x60,0x18,0x60,0x60,
  0x1C,0x60,0x30,0x1E,0xC0,0x1F,0xFB,0xC0,0x00,0x38,0x00,0x00,0x18,0x00,0x00,0x38,
  0x00,0x00,0xE0,0x00,0x00,0xC0,0x00,0x00,0x70,0x00,0x00,0x18,0x00,0x00,0x00,0x00,
  0x06,0x01,0xE0,0x00,0x1E,0x03,0xF7,0x80,0x38,0x06,0x3D,0x80,0x30,0x04,0x38,0xC0,
  0x20,0x0C,0x30,0x80,0x60,0x0F,0x33,0x80,0x60,0xC7,0x33,0x80,0x60,0xC0,0x30,0xC0,
  0x60,0xC0,0x38,0xC0,0x60,0x60,0x3D,0x80,0x2E,0x3F,0xF7,0x80,0x3E,0x00,0x70,0x00,
  0x1E,0x00,0x30,0x00,0x00,0x00,0x00,0x00,0xC0,0x00,0x00,0x00,0xC0,0x00,0x00,0x00,
  0xE0,0x00,0x00,0x00,0x7E,0x00,0x00,0x00,0x03,0x00,0x00,0x00,0x03,0x00,0x00,0x00,
  0x03,0x00,0xF0,0x00,0x0F,0x01,0xFB,0xC0,0x0C,0x03,0x1E,0xC0,0x18,0x02,0x1C,0x60,
  0x10,0x06,0x18,0x40,0x30,0x07,0x99,0xC0,0x30,0x63,0x99,0xC0,0x30,0x60,0x18,0x60,
  0x30,0x60,0x1C,0x60,0x30,0x30,0x1E,0xC0,0x17,0x1F,0xFB,0xC0,0x1F,0x00,0x38,0x00,
  0x0F,0x00,0x18,0x00,0x00,0x00,0x00,0x00,0x00,0x00,0x00,0x04,0x00,0x06,0x01,0xE0,
  0x17,0x80,0x1E,0x03,0xF7,0x9E,0x00,0x38,0x06,0x3D,0x86,0x00,0x30,0x04,0x38,0xC6,
  0x00,0x20,0x0C,0x30,0x86,0x00,0x60,0x0F,0x33,0x86,0x00,0x60,0xC7,0x33,0x86,0x00,
  0x60,0xC0,0x30,0xC6,0x00,0x60,0xC0,0x38,0xC6,0x00,0x60,0x60,0x3D,0x86,0x00,0x2E,
  0x3F,0xF7,0x86,0x00,0x3E,0x00,0x70,0x06,0x00,0x1E,0x00,0x30,0x06,0x00,0x00,0x00,
  0x00,0x00,0x00,0x00,0x00,0x0C,0x00,0x00,0x00,0x00,0x0C,0x00,0x00,0x00,0x00,0x0E,
  0x00,0x00,0x00,0x00,0x07,0xFC,0x00,0x00,0x00,0x00,0x06,0x00,0x00,0x00,0x00,0x06,
  0x00,0x06,0x01,0xE0,0x1F,0x80,0x1E,0x03,0xF7,0x86,0x00,0x38,0x06,0x3D,0x86,0x00,
  0x30,0x04,0x38,0xC6,0x00,0x20,0x0C,0x30,0x86,0x00,0x60,0x0F,0x33,0x86,0x00,0x60,
  0xC7,0x33,0x86,0x00,0x60,0xC0,0x30,0xC6,0x00,0x60,0xC0,0x38,0xC6,0x00,0x60,0x60,
  0x3D,0x86,0x00,0x2E,0x3F,0xF7,0x86,0x00,0x3E,0x00,0x70,0x06,0x00,0x1E,0x00,0x30,
  0x06,0x00,0x00,0x00,0x00,0x00,0x00,0x60,0x00,0x00,0x60,0x00,0x00,0x70,0x00,0x00,
  0x3F,0xC0,0x00,0x00,0xC0,0x00,0x00,0x64,0x00,0x7F,0xFF,0x80,0x18,0x3E,0x00,0x18,
  0x06,0x00,0x18,0x06,0x00,0x19,0xC6,0x00,0x19,0xE6,0x00,0x18,0xE6,0x00,0x18,0x66,
  0x00,0x18,0x66,0x00,0x18,0xC6,0x00,0x1F,0x86,0x00,0x0F,0x06,0x00,0x00,0x06,0x00,
  0x0F,0x80,0x1F,0xE0,0x3E,0x38,0x67,0xFC,0x60,0x06,0x60,0x06,0xFF,0xFF,0x35,0x80,
  0x31,0x80,0x31,0x80,0x31,0x9C,0x31,0x9E,0x31,0x8E,0x31,0x86,0x31,0x86,0x31,0x8C,
  0x31,0xF8,0x30,0xF0,0x30,0x00,0x6F,0xC0,0x7F,0xF0,0x78,0x18,0x3F,0xC8,0x00,0xCC,
  0x00,0x6C,0xFF,0xFF,0x30,0x2C,0x30,0x0C,0x30,0x0C,0x33,0x8C,0x33,0xCC,0x31,0xCC,
  0x30,0xCC,0x30,0xCC,0x31,0x8C,0x3F,0x0C,0x1E,0x0C,0x00,0x0C,0x60,0x00,0x60,0x00,
  0x70,0x00,0x3F,0xC0,0x00,0xC0,0x00,0x60,0x7F,0xF0,0x18,0x00,0x18,0x00,0x18,0x00,
  0x19,0xC0,0x19,0xE0,0x18,0xE0,0x18,0x60,0x18,0x60,0x18,0xC0,0x1F,0x80,0x0F,0x00,
  0x03,0x00,0x1F,0x00,0x33,0x80,0x33,0xC0,0x36,0x40,0x1C,0x00,0x00,0x00,0x60,0x00,
  0x60,0x00,0x70,0x00,0x3F,0xC0,0x00,0xC0,0x00,0x60,0x7F,0xF0,0x18,0x00,0x18,0x00,
  0x18,0x00,0x19,0xC0,0x19,0xE0,0x18,0xE0,0x18,0x60,0x18,0x60,0x18,0xC0,0x1F,0x80,
  0x0F,0x00,0x03,0x00,0x0F,0x00,0x18,0x00,0x19,0x80,0x0F,0xE0,0x00,0x00,0x60,0x00,
  0x60,0x00,0x70,0x00,0x3F,0xC0,0x00,0xC0,0x00,0x60,0x7F,0xF0,0x18,0x00,0x18,0x00,
  0x18,0x00,0x19,0xC0,0x19,0xE0,0x18,0xE0,0x18,0x60,0x18,0x60,0x18,0xC0,0x1F,0x80,
  0x0F,0x00,0x07,0x00,0x1C,0x00,0x18,0x00,0x0E,0x00,0x03,0x00,0x00,0x00,0x00,0xC0,
  0x00,0x00,0xC0,0x00,0x00,0xE0,0x00,0x00,0x7F,0x80,0x00,0x01,0x80,0x00,0x00,0xC0,
  0x06,0xFF,0xE0,0x1E,0x30,0x00,0x38,0x30,0x00,0x30,0x30,0x00,0x20,0x33,0x80,0x60,
  0x33,0xC0,0x60,0x31,0xC0,0x60,0x30,0xC0,0x60,0x30,0xC0,0x60,0x31,0x80,0x2E,0x3F,
  0x00,0x3E,0x1E,0x00,0x1E,0x00,0x00,0x00,0x00,0x00,0xC0,0x60,0x00,0xC0,0x60,0x00,
  0xE0,0x70,0x00,0x7E,0x3F,0xC0,0x03,0x00,0xC0,0x03,0x00,0x60,0x03,0xFF,0xF0,0x0F,
  0x18,0x00,0x0C,0x18,0x00,0x18,0x18,0x00,0x10,0x19,0xC0,0x30,0x19,0xE0,0x30,0x18,
  0xE0,0x30,0x18,0x60,0x30,0x18,0x60,0x30,0x18,0xC0,0x17,0x1F,0x80,0x1F,0x0F,0x00,
  0x0F,0x00,0x00,0x00,0x00,0x00,0x00,0xC0,0x00,0x00,0xC0,0x00,0x00,0xE0,0x00,0x00,
  0x7F,0x80,0x00,0x01,0x80,0x00,0x00,0xC8,0x06,0xFF,0xFF,0x1E,0x30,0x7C,0x38,0x30,
  0x0C,0x30,0x30,0x0C,0x20,0x33,0x8C,0x60,0x33,0xCC,0x60,0x31,0xCC,0x60,0x30,0xCC,
  0x60,0x30,0xCC,0x60,0x31,0x8C,0x2E,0x3F,0x0C,0x3E,0x1E,0x0C,0x1E,0x00,0x0C,0x00,
  0x00,0x00,0x00,0xCC,0x00,0x00,0x00,0xCC,0x00,0x00,0x00,0xEE,0x00,0x00,0x00,0x7F,
  0xF8,0x00,0x00,0x01,0x8C,0x00,0x00,0x00,0xCC,0x00,0x06,0xFF,0xFF,0x00,0x1E,0x30,
  0x3C,0x00,0x38,0x30,0x0C,0x00,0x30,0x30,0x0C,0x00,0x20,0x33,0x8C,0x00,0x60,0x33,
  0xCC,0x00,0x60,0x31,0xCC,0x00,0x60,0x30,0xCC,0x00,0x60,0x30,0xCC,0x00,0x60,0x31,
  0x8C,0x00,0x2E,0x3F,0x0C,0x00,0x3E,0x1E,0x0C,0x00,0x1E,0x00,0x0C,0x00,0x00,0x00,
  0x00,0x00,0x10,0x00,0x00,0x38,0x00,0x00,0x30,0x00,0x00,0x30,0x00,0x00,0x10,0x00,
  0x00,0x18,0x04,0x00,0xFF,0xF7,0x80,0x0F,0x3E,0x00,0x07,0x06,0x00,0x07,0x86,0x00,
  0x07,0x86,0x00,0x06,0xC6,0x00,0x0C,0xC6,0x00,0x1C,0xC6,0x00,0x70,0xC6,0x00,0x60,
  0xC6,0x00,0x60,0xC6,0x00,0x31,0x86,0x00,0x1F,0x06,0x00,0x00,0x00,0x00,0x0F,0x80,
  0x3F,0xE0,0x60,0xF0,0x60,0xC8,0x60,0x40,0x60,0x60,0xFF,0xFF,0x34,0x78,0x30,0x38,
  0x30,0x3C,0x30,0x3C,0x30,0x36,0x30,0x66,0x30,0xE6,0x33,0x86,0x33,0x06,0x33,0x06,
  0x31,0x8C,0x20,0xF8,0x00,0x00,0x00,0x00,0x00,0x3F,0xE0,0x00,0x7F,0xF8,0x00,0xCC,
  0x0C,0x00,0xCC,0x06,0x00,0x7F,0xC2,0x00,0x06,0x63,0x00,0x7F,0xFF,0xC0,0x07,0x83,
  0x00,0x03,0x83,0x00,0x03,0xC3,0x00,0x03,0xC3,0x00,0x03,0x63,0x00,0x06,0x63,0x00,
  0x0E,0x63,0x00,0x38,0x63,0x00,0x30,0x63,0x00,0x30,0x63,0x00,0x18,0xC3,0x00,0x0F,
  0x83,0x00,0x00,0x00,0x00,0x10,0x00,0x38,0x00,0x30,0x00,0x30,0x00,0x10,0x00,0x18,
  0x00,0xFF,0xE0,0x0F,0x00,0x07,0x00,0x07,0x80,0x07,0x80,0x06,0xC0,0x0C,0xC0,0x1C,
  0xC0,0x70,0xC0,0x60,0xC0,0x60,0xC0,0x33,0x80,0x1F,0x00,0x03,0x00,0x1F,0x00,0x33,
  0x80,0x33,0xC0,0x36,0x40,0x1C,0x00,0x00,0x00,0x10,0x00,0x38,0x00,0x30,0x00,0x30,
  0x00,0x10,0x00,0x18,0x00,0xFF,0xE0,0x0F,0x00,0x07,0x00,0x07,0x80,0x07,0x80,0x06,
  0xC0,0x0C,0xC0,0x1C,0xC0,0x70,0xC0,0x60,0xC0,0x60,0xC0,0x33,0x80,0x1F,0x00,0x03,
  0x00,0x0F,0x00,0x18,0x00,0x19,0x80,0x0F,0xE0,0x00,0x00,0x10,0x00,0x38,0x00,0x30,
  0x00,0x30,0x00,0x10,0x00,0x18,0x00,0xFF,0xE0,0x0F,0x00,0x07,0x00,0x07,0x80,0x07,
  0x80,0x06,0xC0,0x0C,0xC0,0x1C,0xC0,0x70,0xC0,0x60,0xC0,0x60,0xC0,0x31,0x80,0x1F,
  0x00,0x07,0x00,0x1C,0x00,0x18,0x00,0x0E,0x00,0x03,0x00,0x00,0x00,0x00,0x20,0x00,
  0x00,0x70,0x00,0x00,0x60,0x00,0x00,0x60,0x00,0x00,0x20,0x00,0x00,0x30,0x00,0x07,
  0xFF,0xC0,0x1E,0x1E,0x00,0x38,0x0E,0x00,0x30,0x0F,0x00,0x20,0x0F,0x00,0x60,0x0D,
  0x80,0x60,0x19,0x80,0x60,0x39,0x80,0x60,0xE1,0x80,0x60,0xC1,0x80,0x2E,0xC1,0x80,
  0x3E,0x63,0x00,0x1E,0x3E,0x00,0x00,0x00,0x00,0xC0,0x10,0x00,0xC0,0x38,0x00,0xE0,
  0x30,0x00,0x7E,0x30,0x00,0x03,0x10,0x00,0x03,0x18,0x00,0x03,0xFF,0xE0,0x0F,0x8F,
  0x00,0x0C,0x07,0x00,0x18,0x07,0x80,0x10,0x07,0x80,0x30,0x06,0xC0,0x30,0x0C,0xC0,
  0x30,0x1C,0xC0,0x30,0x70,0xC0,0x30,0x60,0xC0,0x17,0x60,0xC0,0x1F,0x31,0x80,0x0F,
  0x1F,0x00,0x00,0x00,0x00,0x00,0x20,0x00,0x00,0x70,0x00,0x00,0x60,0x00,0x00,0x60,
  0x00,0x00,0x20,0x00,0x00,0x30,0x08,0x07,0xFF,0xEF,0x1E,0x1E,0x7C,0x38,0x0E,0x0C,
  0x30,0x0F,0x0C,0x20,0x0F,0x0C,0x60,0x0D,0x8C,0x60,0x19,0x8C,0x60,0x39,0x8C,0x60,
  0xE1,0x8C,0x60,0xC1,0x8C,0x2E,0xC1,0x8C,0x3E,0x63,0x0C,0x1E,0x3E,0x0C,0x00,0x00,
  0x00,0x03,0x20,0x00,0x03,0x70,0x00,0x03,0xE0,0x00,0x01,0xFF,0xF0,0x00,0x30,0x18,
  0x00,0x30,0x18,0x07,0xFF,0xFE,0x1E,0x1E,0x58,0x38,0x0E,0x18,0x30,0x0F,0x18,0x20,
  0x0F,0x18,0x60,0x0D,0x98,0x60,0x19,0x98,0x60,0x39,0x98,0x60,0xE1,0x98,0x60,0xC1,
  0x98,0x2E,0xC1,0x98,0x3E,0x63,0x18,0x1E,0x3E,0x18,0x00,0x00,0x00,0x00,0x00,0x80,
  0xFF,0xFE,0xF0,0x03,0x07,0xC0,0x03,0x00,0xC0,0x63,0x00,0xC0,0x63,0x18,0xC0,0x23,
  0x38,0xC0,0x33,0x68,0xC0,0x31,0xCC,0xC0,0x18,0x0C,0xC0,0x0C,0x18,0xC0,0x07,0xF8,
  0xC0,0x03,0xE0,0xC0,0x00,0x00,0xC0,0x07,0xE0,0x00,0x1F,0xF8,0x00,0x30,0x0E,0x00,
  0x60,0x03,0x00,0x60,0x00,0x00,0x60,0x00,0x00,0xFF,0xFF,0xF0,0x34,0x18,0x00,0x30,
  0x18,0x00,0x33,0x18,0x00,0x33,0x18,0xC0,0x31,0x19,0xC0,0x31,0x9B,0x40,0x31,0x8E,
  0x60,0x30,0xC0,0x60,0x30,0x60,0xC0,0x30,0x3F,0xC0,0x30,0x1F,0x00,0x30,0x00,0x00,
  0x03,0xF8,0x00,0x0F,0x3E,0x00,0x0C,0x03,0x00,0x07,0xF1,0x80,0x00,0x30,0x80,0x00,
  0x18,0xC0,0xFF,0xFF,0xF0,0x03,0x02,0xC0,0x03,0x00,0xC0,0x63,0x00,0xC0,0x63,0x18,
  0xC0,0x23,0x38,0xC0,0x33,0x68,0xC0,0x31,0xCC,0xC0,0x18,0x0C,0xC0,0x0C,0x18,0xC0,
  0x07,0xF8,0xC0,0x03,0xE0,0xC0,0x00,0x00,0xC0,0xFF,0xFE,0x03,0x00,0x03,0x00,0x63,
  0x00,0x63,0x18,0x23,0x38,0x33,0x68,0x31,0xCC,0x18,0x0C,0x0C,0x18,0x07,0xF8,0x03,
  0xE0,0x00,0x60,0x03,0xE0,0x06,0x70,0x06,0x78,0x06,0xC8,0x03,0x80,0x00,0x00,0xFF,
  0xFE,0x03,0x00,0x03,0x00,0x63,0x00,0x63,0x18,0x23,0x38,0x33,0x68,0x31,0xCC,0x18,
  0x0C,0x0C,0x18,0x07,0xF8,0x03,0xE0,0x00,0x60,0x01,0xE0,0x03,0x00,0x03,0x30,0x01,
  0xFC,0x00,0x00,0xFF,0xFE,0x03,0x00,0x03,0x00,0x63,0x00,0x63,0x18,0x23,0x38,0x33,
  0x68,0x31,0xCC,0x18,0x0C,0x0C,0x18,0x07,0xF8,0x03,0xE0,0x00,0xE0,0x03,0x80,0x03,
  0x00,0x01,0xC0,0x00,0x60,0x00,0x00,0x07,0xFF,0xFC,0x1E,0x06,0x00,0x38,0x06,0x00,
  0x30,0xC6,0x00,0x20,0xC6,0x30,0x60,0x46,0x70,0x60,0x66,0xD0,0x60,0x63,0x98,0x60,
  0x30,0x18,0x60,0x18,0x30,0x2E,0x0F,0xF0,0x3E,0x07,0xC0,0x1E,0x00,0x00,0x00,0x00,
  0x00,0xC0,0x00,0x00,0xC0,0x00,0x00,0xE0,0x00,0x00,0x7E,0x00,0x00,0x03,0x00,0x00,
  0x03,0x00,0x00,0x03,0xFF,0xFE,0x0F,0x83,0x00,0x0C,0x03,0x00,0x18,0x63,0x00,0x10,
  0x63,0x18,0x30,0x23,0x38,0x30,0x33,0x68,0x30,0x31,0xCC,0x30,0x18,0x0C,0x30,0x0C,
  0x18,0x17,0x07,0xF8,0x1F,0x03,0xE0,0x0F,0x00,0x00,0x00,0x00,0x00,0x00,0x00,0x01,
  0x00,0x07,0xFF,0xFD,0xE0,0x1E,0x06,0x0F,0x80,0x38,0x06,0x01,0x80,0x30,0xC6,0x01,
  0x80,0x20,0xC6,0x31,0x80,0x60,0x46,0x71,0x80,0x60,0x66,0xD1,0x80,0x60,0x63,0x99,
  0x80,0x60,0x30,0x19,0x80,0x60,0x18,0x31,0x80,0x2E,0x0F,0xF1,0x80,0x3E,0x07,0xC1,
  0x80,0x1E,0x00,0x01,0x80,0x00,0x00,0x00,0x00,0x00,0x03,0x00,0x00,0x00,0x03,0x00,
  0x00,0x00,0x03,0x80,0x00,0x00,0x01,0xFF,0x00,0x00,0x00,0x01,0x80,0x00,0x00,0x01,
  0x80,0x07,0xFF,0xFF,0xE0,0x1E,0x06,0x05,0x80,0x38,0x06,0x01,0x80,0x30,0xC6,0x01,
  0x80,0x20,0xC6,0x31,0x80,0x60,0x46,0x71,0x80,0x60,0x66,0xD1,0x80,0x60,0x63,0x99,
  0x80,0x60,0x30,0x19,0x80,0x60,0x18,0x31,0x80,0x2E,0x0F,0xF1,0x80,0x3E,0x07,0xC1,
  0x80,0x1E,0x00,0x01,0x80,0x00,0x00,0x00,0x00,0x00,0x04,0x00,0xFF,0xF7,0x80,0x30,
  0x3E,0x00,0x30,0x06,0x00,0x30,0x06,0x00,0x33,0x86,0x00,0x33,0xC6,0x00,0x31,0xC6,
  0x00,0x30,0xC6,0x00,0x30,0xC6,0x00,0x31,0x86,0x00,0x3F,0x06,0x00,0x1E,0x06,0x00,
  0x00,0x06,0x00,0x0F,0xC0,0x3F,0xF0,0x70,0x18,0x60,0x0C,0x60,0x00,0x60,0x00,0xFF,
  0xFF,0x35,0x80,0x31,0x80,0x31,0x80,0x31,0x9C,0x31,0x9E,0x31,0x8E,0x31,0x86,0x31,
  0x86,0x31,0x8C,0x31,0xF8,0x30,0xF0,0x20,0x00,0x1F,0xC0,0x00,0x79,0xF0,0x00,0x60,
  0x18,0x00,0x3F,0x8C,0x00,0x01,0x84,0x00,0x00,0xC6,0x00,0xFF,0xFF,0x80,0x30,0x06,
  0x00,0x30,0x06,0x00,0x30,0x06,0x00,0x33,0x86,0x00,0x33,0xC6,0x00,0x31,0xC6,0x00,
  0x30,0xC6,0x00,0x30,0xC6,0x00,0x31,0x86,0x00,0x3F,0x06,0x00,0x1E,0x06,0x00,0x00,
  0x06,0x00,0xFF,0xE0,0x30,0x00,0x30,0x00,0x30,0x00,0x33,0x80,0x33,0xC0,0x31,0xC0,
  0x30,0xC0,0x30,0xC0,0x31,0x80,0x3F,0x00,0x1F,0x00,0x03,0x00,0x1F,0x00,0x33,0x80,
  0x33,0xC0,0x36,0x40,0x1C,0x00,0x00,0x00,0xFF,0xE0,0x30,0x00,0x30,0x00,0x30,0x00,
  0x33,0x80,0x33,0xC0,0x31,0xC0,0x30,0xC0,0x30,0xC0,0x31,0x80,0x3F,0x00,0x1F,0x00,
  0x03,0x00,0x0F,0x00,0x18,0x00,0x19,0x80,0x0F,0xE0,0x00,0x00,0xFF,0xE0,0x30,0x00,
  0x30,0x00,0x30,0x00,0x33,0x80,0x33,0xC0,0x31,0xC0,0x30,0xC0,0x30,0xC0,0x31,0x80,
  0x3F,0x00,0x1E,0x00,0x07,0x00,0x1C,0x00,0x18,0x00,0x0E,0x00,0x03,0x00,0x00,0x00,
  0x07,0xFF,0xC0,0x1E,0x60,0x00,0x38,0x60,0x00,0x30,0x60,0x00,0x20,0x67,0x00,0x60,
  0x67,0x80,0x60,0x63,0x80,0x60,0x61,0x80,0x60,0x61,0x80,0x60,0x63,0x00,0x2E,0x7E,
  0x00,0x3E,0x3C,0x00,0x1E,0x00,0x00,0x00,0x00,0x00,0xC0,0x00,0x00,0xC0,0x00,0x00,
  0xE0,0x00,0x00,0x7E,0x00,0x00,0x03,0x00,0x00,0x03,0x00,0x00,0x03,0xFF,0xE0,0x0F,
  0xB0,0x00,0x0C,0x30,0x00,0x18,0x30,0x00,0x10,0x33,0x80,0x30,0x33,0xC0,0x30,0x31,
  0xC0,0x30,0x30,0xC0,0x30,0x30,0xC0,0x30,0x31,0x80,0x17,0x3F,0x00,0x1F,0x1E,0x00,
  0x0F,0x00,0x00,0x00,0x00,0x00,0x00,0x00,0x08,0x07,0xFF,0xEF,0x1E,0x60,0x7C,0x38,
  0x60,0x0C,0x30,0x60,0x0C,0x20,0x67,0x0C,0x60,0x67,0x8C,0x60,0x63,0x8C,0x60,0x61,
  0x8C,0x60,0x61,0x8C,0x60,0x63,0x0C,0x2E,0x7E,0x0C,0x3E,0x3C,0x0C,0x1E,0x00,0x0C,
  0x00,0x00,0x00,0x00,0x18,0x00,0x00,0x18,0x00,0x00,0x1C,0x00,0x00,0x0F,0xF8,0x00,
  0x00,0x0C,0x00,0x00,0x0C,0x07,0xFF,0xFF,0x1E,0x60,0x0C,0x38,0x60,0x0C,0x30,0x60,
  0x0C,0x20,0x67,0x0C,0x60,0x67,0x8C,0x60,0x63,0x8C,0x60,0x61,0x8C,0x60,0x61,0x8C,
  0x60,0x63,0x0C,0x2E,0x7E,0x0C,0x3E,0x3C,0x0C,0x1E,0x00,0x0C,0x00,0x00,0x00,0x00,
  0x42,0x00,0x1E,0x7B,0xC0,0x3F,0x7F,0x00,0x61,0xE3,0x00,0x60,0xE3,0x00,0x60,0x63,
  0x00,0x6E,0x63,0x00,0x3E,0x63,0x00,0x1E,0x63,0x00,0x00,0x63,0x00,0x00,0x63,0x00,
  0x00,0x63,0x00,0x00,0x63,0x00,0x00,0x63,0x00,0x0F,0xC0,0x00,0x1F,0xF0,0x00,0x70,
  0x1C,0x00,0x60,0x06,0x00,0x60,0x00,0x00,0x60,0x02,0x00,0xFC,0xF3,0xC0,0x31,0xFB,
  0x00,0x33,0x0F,0x00,0x33,0x07,0x00,0x33,0x03,0x00,0x33,0x73,0x00,0x31,0xF3,0x00,
  0x30,0xF3,0x00,0x30,0x03,0x00,0x30,0x03,0x00,0x30,0x03,0x00,0x30,0x03,0x00,0x20,
  0x03,0x00,0x0F,0xE0,0x00,0x3C,0xF8,0x00,0x30,0x0C,0x00,0x1F,0xC6,0x00,0x00,0xC2,
  0x00,0x00,0x63,0x00,0x1E,0x7F,0xC0,0x3F,0x6B,0x00,0x61,0xE3,0x00,0x60,0xE3,0x00,
  0x60,0x63,0x00,0x6E,0x63,0x00,0x3E,0x63,0x00,0x1E,0x63,0x00,0x00,0x63,0x00,0x00,
  0x63,0x00,0x00,0x63,0x00,0x00,0x63,0x00,0x00,0x63,0x00,0x00,0x40,0x1E,0x78,0x3F,
  0x60,0x61,0xE0,0x60,0xE0,0x60,0x60,0x6E,0x60,0x3E,0x60,0x1E,0x60,0x00,0x60,0x00,
  0x60,0x00,0x60,0x00,0x60,0x00,0x60,0x03,0xE0,0x06,0x70,0x06,0xF8,0x03,0xC8,0x00,
  0x00,0x00,0x40,0x1E,0x78,0x3F,0x60,0x61,0xE0,0x60,0xE0,0x60,0x60,0x6E,0x60,0x3E,
  0x60,0x1E,0x60,0x00,0x60,0x00,0x60,0x00,0x60,0x00,0x60,0x00,0x60,0x01,0xE0,0x03,
  0x00,0x03,0x30,0x01,0xFC,0x00,0x00,0x00,0x40,0x1E,0x78,0x3F,0x60,0x61,0xE0,0x60,
  0xE0,0x60,0x60,0x6E,0x60,0x3E,0x60,0x1E,0x60,0x00,0x60,0x00,0x60,0x00,0x60,0x00,
  0x60,0x00,0x60,0x00,0xE0,0x03,0x80,0x03,0x00,0x01,0xC0,0x00,0x60,0x00,0x00,0x00,
  0x01,0x00,0x0E,0x79,0xE0,0x1C,0xFD,0x80,0x31,0x87,0x80,0x31,0x83,0x80,0x61,0x81,
  0x80,0x61,0xB9,0x80,0x60,0xF9,0x80,0x60,0x79,0x80,0x60,0x01,0x80,0x60,0x01,0x80,
  0x37,0x01,0x80,0x3F,0x01,0x80,0x1E,0x01,0x80,0x00,0x00,0x00,0xC0,0x00,0x00,0xC0,
  0x00,0x00,0xE0,0x00,0x00,0x7E,0x00,0x00,0x06,0x00,0x00,0x03,0x00,0x80,0x07,0x3C,
  0xF0,0x0E,0x7E,0xC0,0x18,0xC3,0xC0,0x18,0xC1,0xC0,0x30,0xC0,0xC0,0x30,0xDC,0xC0,
  0x30,0x7C,0xC0,0x30,0x3C,0xC0,0x30,0x00,0xC0,0x30,0x00,0xC0,0x13,0x80,0xC0,0x1F,
  0x80,0xC0,0x0F,0x00,0xC0,0x00,0x00,0x00,0x00,0x01,0x04,0x00,0x0E,0x79,0xF7,0x80,
  0x1C,0xFD,0xBE,0x00,0x31,0x87,0x86,0x00,0x31,0x83,0x86,0x00,0x61,0x81,0x86,0x00,
  0x61,0xB9,0x86,0x00,0x60,0xF9,0x86,0x00,0x60,0x79,0x86,0x00,0x60,0x01,0x86,0x00,
  0x60,0x01,0x86,0x00,0x37,0x01,0x86,0x00,0x3F,0x01,0x86,0x00,0x1E,0x01,0x86,0x00,
  0x00,0x00,0x00,0x00,0x00,0x0C,0x00,0x00,0x00,0x0C,0x00,0x00,0x00,0x0E,0x00,0x00,
  0x00,0x07,0xFC,0x00,0x00,0x00,0x06,0x00,0x00,0x01,0x06,0x00,0x0E,0x79,0xFF,0x80,
  0x1C,0xFD,0x86,0x00,0x31,0x87,0x86,0x00,0x31,0x83,0x86,0x00,0x61,0x81,0x86,0x00,
  0x61,0xB9,0x86,0x00,0x60,0xF9,0x86,0x00,0x60,0x79,0x86,0x00,0x60,0x01,0x86,0x00,
  0x60,0x01,0x86,0x00,0x37,0x01,0x86,0x00,0x3F,0x01,0x86,0x00,0x1E,0x01,0x86,0x00,
  0x00,0x00,0x00,0x00,0x00,0x00,0x80,0xFF,0xFE,0xF0,0x00,0x07,0xC0,0x00,0x00,0xC0,
  0x43,0xE0,0xC0,0x63,0xF0,0xC0,0x63,0x98,0xC0,0x20,0x18,0xC0,0x30,0x18,0xC0,0x10,
  0x18,0xC0,0x18,0x18,0xC0,0x0E,0x30,0xC0,0x07,0xE0,0xC0,0x00,0x00,0xC0,0x0F,0xC0,
  0x00,0x1F,0xF0,0x00,0x70,0x1C,0x00,0x60,0x06,0x00,0x60,0x00,0x00,0x60,0x00,0x00,
  0xFF,0xFF,0xF0,0x34,0x00,0x00,0x30,0x00,0x00,0x32,0x1F,0x00,0x33,0x1F,0x80,0x33,
  0x1C,0xC0,0x31,0x00,0xC0,0x31,0x80,0xC0,0x30,0x80,0xC0,0x30,0xC0,0xC0,0x30,0x71,
  0x80,0x30,0x3F,0x00,0x20,0x00,0x00,0x03,0xF8,0x00,0x0F,0x3E,0x00,0x0C,0x03,0x00,
  0x07,0xF1,0x80,0x00,0x30,0x80,0x00,0x18,0xC0,0xFF,0xFF,0xF0,0x00,0x02,0xC0,0x00,
  0x00,0xC0,0x43,0xE0,0xC0,0x63,0xF0,0xC0,0x63,0x98,0xC0,0x20,0x18,0xC0,0x30,0x18,
  0xC0,0x10,0x18,0xC0,0x18,0x18,0xC0,0x0E,0x30,0xC0,0x07,0xE0,0xC0,0x00,0x00,0xC0,
  0xFF,0xFE,0x00,0x00,0x00,0x00,0x43,0xE0,0x63,0xF0,0x63,0x98,0x20,0x18,0x30,0x18,
  0x10,0x18,0x18,0x18,0x0E,0x70,0x07,0xE0,0x00,0xC0,0x07,0xC0,0x0C,0xE0,0x0C,0xF0,
  0x0D,0x90,0x07,0x00,0x00,0x00,0xFF,0xFE,0x00,0x00,0x00,0x00,0x43,0xE0,0x63,0xF0,
  0x63,0x98,0x20,0x18,0x30,0x18,0x10,0x18,0x18,0x18,0x0E,0x70,0x07,0xE0,0x00,0xC0,
  0x03,0xC0,0x06,0x00,0x06,0x60,0x03,0xF8,0x00,0x00,0xFF,0xFE,0x00,0x00,0x00,0x00,
  0x43,0xE0,0x63,0xF0,0x63,0x98,0x20,0x18,0x30,0x18,0x10,0x18,0x18,0x18,0x0E,0x30,
  0x07,0xE0,0x01,0xC0,0x07,0x00,0x06,0x00,0x03,0x80,0x00,0xC0,0x00,0x00,0x07,0xFF,
  0xFC,0x1E,0x00,0x00,0x38,0x00,0x00,0x30,0x87,0xC0,0x20,0xC7,0xE0,0x60,0xC7,0x30,
  0x60,0x40,0x30,0x60,0x60,0x30,0x60,0x20,0x30,0x60,0x30,0x30,0x2E,0x1C,0x60,0x3E,
  0x0F,0xC0,0x1E,0x00,0x00,0x00,0x00,0x00,0xC0,0x00,0x00,0xC0,0x00,0x00,0xE0,0x00,
  0x00,0x7E,0x00,0x00,0x03,0x00,0x00,0x03,0x00,0x00,0x03,0xFF,0xFE,0x0F,0x80,0x00,
  0x0C,0x00,0x00,0x18,0x43,0xE0,0x10,0x63,0xF0,0x30,0x63,0x98,0x30,0x20,0x18,0x30,
  0x30,0x18,0x30,0x10,0x18,0x30,0x18,0x18,0x17,0x0E,0x30,0x1F,0x07,0xE0,0x0F,0x00,
  0x00,0x00,0x00,0x00,0x00,0x00,0x01,0x00,0x07,0xFF,0xFD,0xE0,0x1E,0x00,0x0F,0x80,
  0x38,0x00,0x01,0x80,0x30,0x87,0xC1,0x80,0x20,0xC7,0xE1,0x80,0x60,0xC7,0x31,0x80,
  0x60,0x40,0x31,0x80,0x60,0x60,0x31,0x80,0x60,0x20,0x31,0x80,0x60,0x30,0x31,0x80,
  0x2E,0x1C,0x61,0x80,0x3E,0x0F,0xC1,0x80,0x1E,0x00,0x01,0x80,0x00,0x00,0x00,0x00,
  0x00,0x03,0x00,0x00,0x00,0x03,0x00,0x00,0x00,0x03,0x80,0x00,0x00,0x01,0xFF,0x00,
  0x00,0x00,0x01,0x80,0x00,0x00,0x01,0x80,0x07,0xFF,0xFF,0xE0,0x1E,0x00,0x05,0x80,
  0x38,0x00,0x01,0x80,0x30,0x87,0xC1,0x80,0x20,0xC7,0xE1,0x80,0x60,0xC7,0x31,0x80,
  0x60,0x40,0x31,0x80,0x60,0x60,0x31,0x80,0x60,0x20,0x31,0x80,0x60,0x30,0x31,0x80,
  0x2E,0x1C,0x61,0x80,0x3E,0x0F,0xC1,0x80,0x1E,0x00,0x01,0x80,0x00,0x00,0x00,0x00,
  0x00,0x01,0x00,0x3C,0x7D,0xE0,0x7E,0x6F,0x80,0x63,0x61,0x80,0x73,0x61,0x80,0x23,
  0x61,0x80,0x03,0x61,0x80,0x0E,0x61,0x80,0x38,0x61,0x80,0x3C,0x61,0x80,0x06,0x61,
  0x80,0x01,0x61,0x80,0x00,0xE1,0x80,0x00,0x61,0x80,0x00,0x20,0x00,0x0F,0xC0,0x00,
  0x1F,0xF0,0x00,0x70,0x1C,0x00,0x60,0x06,0x00,0x60,0x00,0x00,0x60,0x00,0x00,0xFD,
  0xE3,0xC0,0x33,0xF3,0x00,0x33,0x1B,0x00,0x33,0x9B,0x00,0x31,0x1B,0x00,0x30,0x1B,
  0x00,0x30,0x73,0x00,0x31,0xC3,0x00,0x31,0xE3,0x00,0x30,0x33,0x00,0x30,0x0B,0x00,
  0x30,0x07,0x00,0x20,0x03,0x00,0x00,0x01,0x00,0x07,0xF0,0x00,0x1E,0x7C,0x00,0x18,
  0x06,0x00,0x0F,0xE3,0x00,0x00,0x61,0x00,0x00,0x31,0x80,0x3C,0x7F,0xE0,0x7E,0x65,
  0x80,0x63,0x61,0x80,0x73,0x61,0x80,0x23,0x61,0x80,0x03,0x61,0x80,0x0E,0x61,0x80,
  0x38,0x61,0x80,0x3C,0x61,0x80,0x06,0x61,0x80,0x01,0x61,0x80,0x00,0xE1,0x80,0x00,
  0x61,0x80,0x00,0x20,0x00,0x00,0x00,0x3C,0x78,0x7E,0x60,0x63,0x60,0x73,0x60,0x23,
  0x60,0x03,0x60,0x0E,0x60,0x38,0x60,0x3C,0x60,0x06,0x60,0x01,0x60,0x00,0xE0,0x00,
  0x60,0x03,0xE0,0x06,0x70,0x06,0xF8,0x03,0xC8,0x00,0x00,0x00,0x00,0x3C,0x78,0x7E,
  0x60,0x63,0x60,0x73,0x60,0x23,0x60,0x03,0x60,0x0E,0x60,0x38,0x60,0x3C,0x60,0x06,
  0x60,0x01,0x60,0x00,0xE0,0x00,0x60,0x01,0xE0,0x03,0x00,0x03,0x30,0x01,0xFC,0x00,
  0x00,0x00,0x00,0x3C,0x78,0x7E,0x60,0x63,0x60,0x73,0x60,0x23,0x60,0x03,0x60,0x0E,
  0x60,0x38,0x60,0x3C,0x60,0x06,0x60,0x01,0x60,0x00,0xE0,0x00,0x60,0x00,0xE0,0x03,
  0x80,0x03,0x00,0x01,0xC0,0x00,0x60,0x00,0x00,0x00,0x00,0x00,0x0E,0xF1,0xE0,0x1D,
  0xF9,0x80,0x31,0x8D,0x80,0x31,0xCD,0x80,0x60,0x8D,0x80,0x60,0x0D,0x80,0x60,0x39,
  0x80,0x60,0xE1,0x80,0x60,0xF1,0x80,0x60,0x19,0x80,0x37,0x05,0x80,0x3F,0x03,0x80,
  0x1E,0x01,0x80,0x00,0x00,0x80,0xC0,0x00,0x00,0xC0,0x00,0x00,0xE0,0x00,0x00,0x7E,
  0x00,0x00,0x06,0x00,0x00,0x03,0x00,0x00,0x07,0x78,0xF0,0x0E,0xFC,0xC0,0x18,0xC6,
  0xC0,0x18,0xE6,0xC0,0x30,0x46,0xC0,0x30,0x06,0xC0,0x30,0x1C,0xC0,0x30,0x70,0xC0,
  0x30,0x78,0xC0,0x30,0x0C,0xC0,0x13,0x82,0xC0,0x1F,0x81,0xC0,0x0F,0x00,0xC0,0x00,
  0x00,0x40,0x00,0x00,0x04,0x00,0x0E,0xF1,0xF7,0x80,0x1D,0xF9,0xBE,0x00,0x31,0x8D,
  0x86,0x00,0x31,0xCD,0x86,0x00,0x60,0x8D,0x86,0x00,0x60,0x0D,0x86,0x00,0x60,0x39,
  0x86,0x00,0x60,0xE1,0x86,0x00,0x60,0xF1,0x86,0x00,0x60,0x19,0x86,0x00,0x37,0x05,
  0x86,0x00,0x3F,0x03,0x86,0x00,0x1E,0x01,0x86,0x00,0x00,0x00,0x80,0x00,0x00,0x0C,
  0x00,0x00,0x00,0x0C,0x00,0x00,0x00,0x0E,0x00,0x00,0x00,0x07,0xFC,0x00,0x00,0x00,
  0x06,0x00,0x00,0x00,0x06,0x00,0x0E,0xF1,0xFF,0x80,0x1D,0xF9,0x96,0x00,0x31,0x8D,
  0x86,0x00,0x31,0xCD,0x86,0x00,0x60,0x8D,0x86,0x00,0x60,0x0D,0x86,0x00,0x60,0x39,
  0x86,0x00,0x60,0xE1,0x86,0x00,0x60,0xF1,0x86,0x00,0x60,0x19,0x86,0x00,0x37,0x05,
  0x86,0x00,0x3F,0x03,0x86,0x00,0x1E,0x01,0x86,0x00,0x00,0x00,0x80,0x00,0x00,0x04,
  0x00,0xFF,0xF7,0x80,0x30,0x3E,0x00,0x30,0x06,0x00,0x31,0x86,0x00,0x33,0xC6,0x00,
  0x36,0x86,0x00,0x3C,0x86,0x00,0x39,0x86,0x00,0x31,0x86,0x00,0x01,0x86,0x00,0x01,
  0x86,0x00,0x00,0x86,0x00,0x00,0x86,0x00,0x00,0x00,0x00,0x0F,0xC0,0x1F,0xF0,0x70,
  0x1C,0x60,0x06,0x60,0x00,0x60,0x00,0xFF,0xFF,0x35,0x80,0x31,0x80,0x31,0x8C,0x31,
  0x9E,0x31,0xB4,0x31,0xE4,0x31,0xCC,0x31,0x8C,0x30,0x0C,0x30,0x0C,0x30,0x04,0x20,
  0x04,0x00,0x00,0x1F,0xC0,0x00,0x79,0xF0,0x00,0x60,0x18,0x00,0x3F,0x8C,0x00,0x01,
  0x84,0x00,0x00,0xC6,0x00,0xFF,0xFF,0x80,0x30,0x06,0x00,0x30,0x06,0x00,0x31,0x86,
  0x00,0x33,0xC6,0x00,0x36,0x86,0x00,0x3C,0x86,0x00,0x39,0x86,0x00,0x31,0x86,0x00,
  0x01,0x86,0x00,0x01,0x86,0x00,0x00,0x86,0x00,0x00,0x86,0x00,0x00,0x00,0x00,0xFF,
  0xE0,0x30,0x00,0x30,0x00,0x31,0x80,0x33,0xC0,0x36,0x80,0x3C,0x80,0x39,0x80,0x31,
  0x80,0x01,0x80,0x01,0x80,0x00,0x80,0x0F,0x80,0x19,0x80,0x19,0xC0,0x1B,0xE0,0x0F,
  0x00,0x00,0x00,0xFF,0xE0,0x30,0x00,0x30,0x00,0x31,0x80,0x33,0xC0,0x36,0x80,0x3C,
  0x80,0x39,0x80,0x31,0x80,0x01,0x80,0x01,0x80,0x00,0x80,0x07,0x80,0x0C,0x00,0x0C,
  0xC0,0x07,0xE0,0x00,0x30,0x00,0x00,0xFF,0xE0,0x30,0x00,0x30,0x00,0x31,0x80,0x33,
  0xC0,0x36,0x80,0x3C,0x80,0x39,0x80,0x31,0x80,0x01,0x80,0x01,0x80,0x00,0x80,0x00,
  0xC0,0x01,0xC0,0x07,0x00,0x06,0x00,0x03,0x80,0x00,0xC0,0x00,0x00,0x07,0xFF,0xC0,
  0x1E,0x60,0x00,0x38,0x60,0x00,0x30,0x63,0x00,0x20,0x67,0x80,0x60,0x6D,0x00,0x60,
  0x79,0x00,0x60,0x73,0x00,0x60,0x63,0x00,0x60,0x03,0x00,0x2E,0x03,0x00,0x3E,0x01,
  0x00,0x1E,0x01,0x00,0x00,0x00,0x00,0xC0,0x00,0x00,0xC0,0x00,0x00,0xE0,0x00,0x00,
  0x7E,0x00,0x00,0x03,0x00,0x00,0x03,0x00,0x00,0x03,0xFF,0xE0,0x0F,0xB0,0x00,0x0C,
  0x30,0x00,0x18,0x31,0x80,0x10,0x33,0xC0,0x30,0x36,0x80,0x30,0x3C,0x80,0x30,0x39,
  0x80,0x30,0x31,0x80,0x30,0x01,0x80,0x17,0x01,0x80,0x1F,0x00,0x80,0x0F,0x00,0x80,
  0x00,0x00,0x00,0x00,0x00,0x08,0x07,0xFF,0xEF,0x1E,0x60,0x7C,0x38,0x60,0x0C,0x30,
  0x63,0x0C,0x20,0x67,0x8C,0x60,0x6D,0x0C,0x60,0x79,0x0C,0x60,0x73,0x0C,0x60,0x63,
  0x0C,0x60,0x03,0x0C,0x2E,0x03,0x0C,0x3E,0x01,0x0C,0x1E,0x01,0x0C,0x00,0x00,0x00,
  0x00,0x18,0x00,0x00,0x18,0x00,0x00,0x1C,0x00,0x00,0x0F,0xF8,0x00,0x00,0x0C,0x00,
  0x00,0x0C,0x07,0xFF,0xFF,0x1E,0x60,0x0C,0x38,0x60,0x0C,0x30,0x63,0x0C,0x20,0x67,
  0x8C,0x60,0x6D,0x0C,0x60,0x79,0x0C,0x60,0x73,0x0C,0x60,0x63,0x0C,0x60,0x03,0x0C,
  0x2E,0x03,0x0C,0x3E,0x01,0x0C,0x1E,0x01,0x0C,0x00,0x00,0x00,0x00,0x02,0x00,0x1C,
  0xFB,0xC0,0x3C,0xDF,0x00,0x30,0xC3,0x00,0x33,0xC3,0x00,0x1F,0xC3,0x00,0x38,0xC3,
  0x00,0x70,0xC3,0x00,0x70,0xC3,0x00,0x3C,0xC3,0x00,0x06,0xC3,0x00,0x03,0xC3,0x00,
  0x01,0xC3,0x00,0x00,0xC3,0x00,0x0F,0xC0,0x00,0x1F,0xF0,0x00,0x70,0x1C,0x00,0x60,
  0x06,0x00,0x60,0x00,0x00,0x60,0x00,0x00,0xFC,0xE7,0x80,0x31,0xE6,0x00,0x31,0x86,
  0x00,0x31,0x9E,0x00,0x30,0xFE,0x00,0x31,0xC6,0x00,0x33,0x86,0x00,0x33,0x86,0x00,
  0x31,0xE6,0x00,0x30,0x36,0x00,0x30,0x1E,0x00,0x30,0x0E,0x00,0x20,0x06,0x00,0x0F,
  0xE0,0x00,0x3C,0xF8,0x00,0x30,0x0C,0x00,0x1F,0xC6,0x00,0x00,0xC2,0x00,0x00,0x63,
  0x00,0x1C,0xFF,0xC0,0x3C,0xC3,0x00,0x30,0xC3,0x00,0x33,0xC3,0x00,0x1F,0xC3,0x00,
  0x38,0xC3,0x00,0x70,0xC3,0x00,0x70,0xC3,0x00,0x3C,0xC3,0x00,0x06,0xC3,0x00,0x03,
  0xC3,0x00,0x01,0xC3,0x00,0x00,0xC3,0x00,0x1C,0xF0,0x3C,0xC0,0x30,0xC0,0x33,0xC0,
  0x1F,0xC0,0x38,0xC0,0x70,0xC0,0x70,0xC0,0x3C,0xC0,0x06,0xC0,0x03,0xC0,0x01,0xC0,
  0x00,0xC0,0x07,0xC0,0x0C,0xE0,0x0D,0xF0,0x07,0x90,0x00,0x00,0x1C,0xF0,0x3C,0xC0,
  0x30,0xC0,0x33,0xC0,0x1F,0xC0,0x38,0xC0,0x70,0xC0,0x70,0xC0,0x3C,0xC0,0x06,0xC0,
  0x03,0xC0,0x01,0xC0,0x00,0xC0,0x03,0xC0,0x06,0x00,0x06,0x60,0x03,0xF8,0x00,0x00,
  0x1C,0xF0,0x3C,0xC0,0x30,0xC0,0x33,0xC0,0x1F,0xC0,0x38,0xC0,0x70,0xC0,0x70,0xC0,
  0x3C,0xC0,0x06,0xC0,0x03,0xC0,0x01,0xC0,0x00,0xC0,0x01,0xC0,0x07,0x00,0x06,0x00,
  0x03,0x80,0x00,0xC0,0x00,0x00,0x06,0x39,0xE0,0x1E,0x79,0x80,0x38,0x61,0x80,0x30,
  0x67,0x80,0x20,0x3F,0x80,0x60,0x71,0x80,0x60,0xE1,0x80,0x60,0xE1,0x80,0x60,0x79,
  0x80,0x60,0x0D,0x80,0x2E,0x07,0x80,0x3E,0x03,0x80,0x1E,0x01,0x80,0x00,0x00,0x00,
  0xC0,0x00,0x00,0xC0,0x00,0x00,0xE0,0x00,0x00,0x7E,0x00,0x00,0x03,0x00,0x00,0x03,
  0x00,0x00,0x03,0x1C,0xF0,0x0F,0x3C,0xC0,0x0C,0x30,0xC0,0x18,0x33,0xC0,0x10,0x1F,
  0xC0,0x30,0x38,0xC0,0x30,0x70,0xC0,0x30,0x70,0xC0,0x30,0x3C,0xC0,0x30,0x06,0xC0,
  0x17,0x03,0xC0,0x1F,0x01,0xC0,0x0F,0x00,0xC0,0x00,0x00,0x00,0x00,0x00,0x04,0x00,
  0x06,0x39,0xF7,0x80,0x1E,0x79,0xBE,0x00,0x38,0x61,0x86,0x00,0x30,0x67,0x86,0x00,
  0x20,0x3F,0x86,0x00,0x60,0x71,0x86,0x00,0x60,0xE1,0x86,0x00,0x60,0xE1,0x86,0x00,
  0x60,0x79,0x86,0x00,0x60,0x0D,0x86,0x00,0x2E,0x07,0x86,0x00,0x3E,0x03,0x86,0x00,
  0x1E,0x01,0x86,0x00,0x00,0x00,0x00,0x00,0x00,0x0C,0x00,0x00,0x00,0x0C,0x00,0x00,
  0x00,0x0E,0x00,0x00,0x00,0x07,0xFC,0x00,0x00,0x00,0x06,0x00,0x00,0x00,0x06,0x00,
  0x06,0x39,0xFF,0x80,0x1E,0x79,0x86,0x00,0x38,0x61,0x86,0x00,0x30,0x67,0x86,0x00,
  0x20,0x3F,0x86,0x00,0x60,0x71,0x86,0x00,0x60,0xE1,0x86,0x00,0x60,0xE1,0x86,0x00,
  0x60,0x79,0x86,0x00,0x60,0x0D,0x86,0x00,0x2E,0x07,0x86,0x00,0x3E,0x03,0x86,0x00,
  0x1E,0x01,0x86,0x00,0x00,0x00,0x00,0x00,0x00,0x02,0x00,0xFF,0xFB,0xC0,0x00,0x7F,
  0x00,0x00,0x63,0x00,0x00,0x63,0x00,0x3E,0x63,0x00,0x7F,0x63,0x00,0x79,0xE3,0x00,
  0x38,0xE3,0x00,0x00,0x63,0x00,0x00,0x63,0x00,0x00,0x63,0x00,0x00,0x63,0x00,0x00,
  0x63,0x00,0x0F,0xC0,0x00,0x1F,0xF0,0x00,0x70,0x1C,0x00,0x60,0x06,0x00,0x60,0x00,
  0x00,0x60,0x00,0x00,0xFF,0xFF,0x80,0x34,0x03,0x00,0x30,0x03,0x00,0x30,0x03,0x00,
  0x31,0xF3,0x00,0x33,0xFB,0x00,0x33,0xCF,0x00,0x31,0xC7,0x00,0x30,0x03,0x00,0x30,
  0x03,0x00,0x30,0x03,0x00,0x30,0x03,0x00,0x20,0x03,0x00,0x0F,0xE0,0x00,0x3C,0xF8,
  0x00,0x30,0x0C,0x00,0x1F,0xC6,0x00,0x00,0xC2,0x00,0x00,0x63,0x00,0xFF,0xFF,0xC0,
  0x00,0x63,0x00,0x00,0x63,0x00,0x00,0x63,0x00,0x3E,0x63,0x00,0x7F,0x63,0x00,0x79,
  0xE3,0x00,0x38,0xE3,0x00,0x00,0x63,0x00,0x00,0x63,0x00,0x00,0x63,0x00,0x00,0x63,
  0x00,0x00,0x63,0x00,0xFF,0xF0,0x00,0x60,0x00,0x60,0x00,0x60,0x3E,0x60,0x7F,0x60,
  0x79,0xE0,0x38,0xE0,0x00,0x60,0x00,0x60,0x00,0x60,0x00,0x60,0x00,0x60,0x03,0xE0,
  0x06,0x70,0x06,0xF8,0x03,0xC8,0x00,0x00,0xFF,0xF0,0x00,0x60,0x00,0x60,0x00,0x60,
  0x3E,0x60,0x7F,0x60,0x79,0xE0,0x38,0xE0,0x00,0x60,0x00,0x60,0x00,0x60,0x00,0x60,
  0x00,0x60,0x01,0xE0,0x03,0x00,0x03,0x30,0x01,0xFC,0x00,0x00,0xFF,0xF0,0x00,0x60,
  0x00,0x60,0x00,0x60,0x3E,0x60,0x7F,0x60,0x79,0xE0,0x38,0xE0,0x00,0x60,0x00,0x60,
  0x00,0x60,0x00,0x60,0x00,0x60,0x00,0xE0,0x03,0x80,0x03,0x00,0x01,0xC0,0x00,0x60,
  0x00,0x00,0x07,0xFF,0xE0,0x1E,0x00,0xC0,0x38,0x00,0xC0,0x30,0x00,0xC0,0x20,0x7C,
  0xC0,0x60,0xFE,0xC0,0x60,0xF3,0xC0,0x60,0x71,0xC0,0x60,0x00,0xC0,0x60,0x00,0xC0,
  0x2E,0x00,0xC0,0x3E,0x00,0xC0,0x1E,0x00,0xC0,0x00,0x00,0x00,0xC0,0x00,0x00,0xC0,
  0x00,0x00,0xE0,0x00,0x00,0x7E,0x00,0x00,0x03,0x00,0x00,0x03,0x00,0x00,0x03,0xFF,
  0xF0,0x0F,0x80,0x60,0x0C,0x00,0x60,0x18,0x00,0x60,0x10,0x3E,0x60,0x30,0x7F,0x60,
  0x30,0x79,0xE0,0x30,0x38,0xE0,0x30,0x00,0x60,0x30,0x00,0x60,0x17,0x00,0x60,0x1F,
  0x00,0x60,0x0F,0x00,0x60,0x00,0x00,0x00,0x00,0x00,0x04,0x00,0x07,0xFF,0xF7,0x80,
  0x1E,0x00,0xFE,0x00,0x38,0x00,0xC6,0x00,0x30,0x00,0xC6,0x00,0x20,0x7C,0xC6,0x00,
  0x60,0xFE,0xC6,0x00,0x60,0xF3,0xC6,0x00,0x60,0x71,0xC6,0x00,0x60,0x00,0xC6,0x00,
  0x60,0x00,0xC6,0x00,0x2E,0x00,0xC6,0x00,0x3E,0x00,0xC6,0x00,0x1E,0x00,0xC6,0x00,
  0x00,0x00,0x00,0x00,0x00,0x0C,0x00,0x00,0x00,0x0C,0x00,0x00,0x00,0x0E,0x00,0x00,
  0x00,0x07,0xFC,0x00,0x00,0x00,0x06,0x00,0x00,0x00,0x06,0x00,0x07,0xFF,0xFF,0x80,
  0x1E,0x00,0xC6,0x00,0x38,0x00,0xC6,0x00,0x30,0x00,0xC6,0x00,0x20,0x7C,0xC6,0x00,
  0x60,0xFE,0xC6,0x00,0x60,0xF3,0xC6,0x00,0x60,0x71,0xC6,0x00,0x60,0x00,0xC6,0x00,
  0x60,0x00,0xC6,0x00,0x2E,0x00,0xC6,0x00,0x3E,0x00,0xC6,0x00,0x1E,0x00,0xC6,0x00,
  0x00,0x00,0x00,0x00,0x00,0x00,0x00,0x00,0x3F,0xC0,0x00,0x80,0x20,0x40,0x02,0xF0,
  0x20,0x40,0x03,0xC0,0x20,0x40,0x00,0xC0,0x20,0x40,0x40,0xC0,0x20,0x42,0x10,0xC0,
  0x20,0x40,0x00,0xC0,0x20,0x44,0x08,0xC0,0x20,0x40,0x00,0xC0,0x20,0x40,0x00,0xC0,
  0x20,0x42,0x10,0xC0,0x20,0x40,0x40,0xC0,0x20,0x40,0x00,0xC0,0x3F,0xC0,0x00,0xC0,
  0x00,0x00,0xFC,0x00,0x00,0x01,0xFF,0x00,0x00,0x07,0x01,0xC0,0x00,0x06,0x00,0x60,
  0x00,0x06,0x00,0x00,0x3F,0xC6,0x00,0x00,0x20,0x4F,0xC0,0x00,0x20,0x43,0x00,0x00,
  0x20,0x43,0x00,0x00,0x20,0x43,0x02,0x00,0x20,0x43,0x10,0x80,0x20,0x43,0x00,0x00,
  0x20,0x43,0x20,0x40,0x20,0x43,0x00,0x00,0x20,0x43,0x00,0x00,0x20,0x43,0x10,0x80,
  0x20,0x43,0x02,0x00,0x20,0x43,0x00,0x00,0x3F,0xC2,0x00,0x00,0x00,0x03,0xF8,0x00,
  0x00,0x0F,0x3E,0x00,0x00,0x0C,0x03,0x00,0x00,0x07,0xF1,0x80,0x00,0x00,0x30,0x80,
  0x3F,0xC0,0x18,0xC0,0x20,0x40,0x03,0xF0,0x20,0x40,0x00,0xC0,0x20,0x40,0x00,0xC0,
  0x20,0x40,0x40,0xC0,0x20,0x42,0x10,0xC0,0x20,0x40,0x00,0xC0,0x20,0x44,0x08,0xC0,
  0x20,0x40,0x00,0xC0,0x20,0x40,0x00,0xC0,0x20,0x42,0x10,0xC0,0x20,0x40,0x40,0xC0,
  0x20,0x40,0x00,0xC0,0x3F,0xC0,0x00,0xC0,0x00,0x00,0x00,0x3F,0xC0,0x00,0x20,0x40,
  0x00,0x20,0x40,0x00,0x20,0x40,0x00,0x20,0x40,0x00,0x20,0x40,0x00,0x20,0x40,0x00,
  0x20,0x40,0x00,0x20,0x40,0x00,0x20,0x40,0x00,0x20,0x40,0x00,0x20,0x40,0x00,0x20,
  0x40,0x00,0x3F,0xC0,0x00,0x00,0x7C,0x00,0x00,0xCE,0x00,0x00,0xDF,0x00,0x00,0x79,
  0x00,0x00,0x00,0x00,0x00,0x00,0x00,0x3F,0xC0,0x00,0x20,0x40,0x00,0x20,0x40,0x00,
  0x20,0x40,0x00,0x20,0x40,0x00,0x20,0x40,0x00,0x20,0x40,0x00,0x20,0x40,0x00,0x20,
  0x40,0x00,0x20,0x40,0x00,0x20,0x40,0x00,0x20,0x40,0x00,0x20,0x40,0x00,0x3F,0xC0,
  0x00,0x00,0x3C,0x00,0x00,0x60,0x00,0x00,0x66,0x00,0x00,0x3F,0x80,0x00,0x00,0x00,
  0x00,0x00,0x3F,0xC0,0x20,0x40,0x20,0x40,0x20,0x40,0x20,0x40,0x20,0x40,0x20,0x40,
  0x20,0x40,0x20,0x40,0x20,0x40,0x20,0x40,0x20,0x40,0x20,0x40,0x3F,0xC0,0x00,0x1C,
  0x00,0x70,0x00,0x60,0x00,0x38,0x00,0x0C,0x00,0x00,0x00,0x00,0x00,0x00,0x3F,0xC0,
  0x00,0x00,0x20,0x40,0x60,0x00,0x20,0x41,0xE0,0x00,0x20,0x43,0x80,0x00,0x20,0x43,
  0x00,0x80,0x20,0x42,0x04,0x20,0x20,0x46,0x00,0x00,0x20,0x46,0x08,0x10,0x20,0x46,
  0x00,0x00,0x20,0x46,0x00,0x00,0x20,0x46,0x04,0x20,0x20,0x42,0xE0,0x80,0x20,0x43,
  0xE0,0x00,0x3F,0xC1,0xE0,0x00,0x00,0x00,0x00,0x00,0x00,0x18,0x00,0x00,0x00,0x18,
  0x00,0x00,0x00,0x1C,0x00,0x00,0x00,0x0F,0xC0,0x00,0x00,0x00,0x60,0x00,0x3F,0xC0,
  0x60,0x00,0x20,0x40,0x60,0x00,0x20,0x41,0xE0,0x00,0x20,0x41,0x80,0x00,0x20,0x43,
  0x00,0x80,0x20,0x42,0x04,0x20,0x20,0x46,0x00,0x00,0x20,0x46,0x08,0x10,0x20,0x46,
  0x00,0x00,0x20,0x46,0x00,0x00,0x20,0x46,0x04,0x20,0x20,0x42,0xE0,0x80,0x20,0x43,
  0xE0,0x00,0x3F,0xC1,0xE0,0x00,0x00,0x00,0x00,0x00,0x00,0x00,0x00,0x00,0x00,0x3F,
  0xC0,0x00,0x01,0x00,0x20,0x40,0x60,0x05,0xE0,0x20,0x41,0xE0,0x07,0x80,0x20,0x43,
  0x80,0x01,0x80,0x20,0x43,0x00,0x81,0x80,0x20,0x42,0x04,0x21,0x80,0x20,0x46,0x00,
  0x01,0x80,0x20,0x46,0x08,0x11,0x80,0x20,0x46,0x00,0x01,0x80,0x20,0x46,0x00,0x01,
  0x80,0x20,0x46,0x04,0x21,0x80,0x20,0x42,0xE0,0x81,0x80,0x20,0x43,0xE0,0x01,0x80,
  0x3F,0xC1,0xE0,0x01,0x80,0x00,0x00,0x00,0x00,0x00,0x00,0x00,0x03,0x00,0x00,0x00,
  0x00,0x03,0x00,0x00,0x00,0x00,0x03,0x80,0x00,0x00,0x00,0x01,0xFF,0x00,0x00,0x00,
  0x00,0x01,0x80,0x3F,0xC0,0x00,0x01,0x80,0x20,0x40,0x60,0x07,0xE0,0x20,0x41,0xE0,
  0x01,0x80,0x20,0x43,0x80,0x01,0x80,0x20,0x43,0x00,0x81,0x80,0x20,0x42,0x04,0x21,
  0x80,0x20,0x46,0x00,0x01,0x80,0x20,0x46,0x08,0x11,0x80,0x20,0x46,0x00,0x01,0x80,
  0x20,0x46,0x00,0x01,0x80,0x20,0x46,0x04,0x21,0x80,0x20,0x42,0xE0,0x81,0x80,0x20,
  0x43,0xE0,0x01,0x80,0x3F,0xC1,0xE0,0x01,0x80,0x00,0x00,0x00,0x00,0x00,0x00,0x18,
  0x40,0x0F,0x1F,0x78,0x1F,0xDB,0xE0,0x30,0x78,0x60,0x60,0x78,0x60,0x7C,0xF8,0x60,
  0x0D,0x98,0x60,0x07,0x18,0x60,0x06,0x18,0x60,0x0C,0x18,0x60,0x00,0x18,0x60,0x00,
  0x18,0x60,0x00,0x18,0x60,0x00,0x18,0x60,0x00,0x08,0x00,0x0F,0xC0,0x00,0x1F,0xF8,
  0x00,0x30,0x0C,0x00,0x60,0x06,0x00,0x60,0x00,0x00,0x60,0x01,0x80,0xFC,0xF1,0xE0,
  0x31,0xFD,0x80,0x33,0x07,0x80,0x36,0x07,0x80,0x37,0xCF,0x80,0x30,0xD9,0x80,0x30,
  0x71,0x80,0x30,0x61,0x80,0x30,0xC1,0x80,0x30,0x01,0x80,0x30,0x01,0x80,0x30,0x01,
  0x80,0x20,0x01,0x80,0x00,0x00,0x80,0x01,0xFC,0x00,0x07,0x9F,0x00,0x06,0x01,0x80,
  0x03,0xF8,0xC0,0x00,0x18,0x40,0x00,0x1C,0x60,0x0F,0x1F,0xF8,0x1F,0xD8,0x60,0x30,
  0x78,0x60,0x60,0x78,0x60,0x7C,0xF8,0x60,0x0D,0x98,0x60,0x07,0x18,0x60,0x06,0x18,
  0x60,0x0C,0x18,0x60,0x00,0x18,0x60,0x00,0x18,0x60,0x00,0x18,0x60,0x00,0x18,0x60,
  0x00,0x08,0x00,0x00,0x18,0x00,0x0F,0x1E,0x00,0x1F,0xD8,0x00,0x30,0x78,0x00,0x60,
  0x78,0x00,0x7C,0xF8,0x00,0x0D,0x98,0x00,0x07,0x18,0x00,0x06,0x18,0x00,0x0C,0x18,
  0x00,0x00,0x18,0x00,0x00,0x18,0x00,0x00,0x18,0x00,0x00,0x18,0x00,0x00,0x7C,0x00,
  0x00,0xCE,0x00,0x00,0xDF,0x00,0x00,0x79,0x00,0x00,0x00,0x00,0x00,0x18,0x00,0x0F,
  0x1E,0x00,0x1F,0xD8,0x00,0x30,0x78,0x00,0x60,0x78,0x00,0x7C,0xF8,0x00,0x0D,0x98,
  0x00,0x07,0x18,0x00,0x06,0x18,0x00,0x0C,0x18,0x00,0x00,0x18,0x00,0x00,0x18,0x00,
  0x00,0x18,0x00,0x00,0x18,0x00,0x00,0x3C,0x00,0x00,0x60,0x00,0x00,0x66,0x00,0x00,
  0x3F,0x80,0x00,0x00,0x00,0x00,0x18,0x0F,0x1E,0x1F,0xD8,0x30,0x78,0x60,0x78,0x7C,
  0xF8,0x0D,0x98,0x07,0x18,0x06,0x18,0x0C,0x18,0x00,0x18,0x00,0x18,0x00,0x18,0x00,
  0x18,0x00,0x1C,0x00,0x70,0x00,0x60,0x00,0x38,0x00,0x0C,0x00,0x00,0x00,0x00,0xC0,
  0x0E,0x78,0xF0,0x1C,0xFE,0xC0,0x31,0x83,0xC0,0x33,0x03,0xC0,0x63,0xE7,0xC0,0x60,
  0x6C,0xC0,0x60,0x38,0xC0,0x60,0x30,0xC0,0x60,0x60,0xC0,0x60,0x00,0xC0,0x37,0x00,
  0xC0,0x3F,0x00,0xC0,0x1E,0x00,0xC0,0x00,0x00,0x40,0xC0,0x00,0x00,0xC0,0x00,0x00,
  0xE0,0x00,0x00,0x7E,0x00,0x00,0x06,0x00,0x00,0x03,0x00,0x60,0x07,0x3C,0x78,0x0E,
  0x7F,0x60,0x18,0xC1,0xE0,0x19,0x81,0xE0,0x31,0xF3,0xE0,0x30,0x36,0x60,0x30,0x1C,
  0x60,0x30,0x18,0x60,0x30,0x30,0x60,0x30,0x00,0x60,0x13,0x80,0x60,0x1F,0x80,0x60,
  0x0F,0x00,0x60,0x00,0x00,0x20,0x00,0x00,0xC1,0x00,0x0E,0x78,0xF5,0xE0,0x1C,0xFE,
  0xC7,0x80,0x31,0x83,0xC1,0x80,0x33,0x03,0xC1,0x80,0x63,0xE7,0xC1,0x80,0x60,0x6C,
  0xC1,0x80,0x60,0x38,0xC1,0x80,0x60,0x30,0xC1,0x80,0x60,0x60,0xC1,0x80,0x60,0x00,
  0xC1,0x80,0x37,0x00,0xC1,0x80,0x3F,0x00,0xC1,0x80,0x1E,0x00,0xC1,0x80,0x00,0x00,
  0x40,0x00,0x00,0x03,0x00,0x00,0x00,0x03,0x00,0x00,0x00,0x03,0x80,0x00,0x00,0x01,
  0xFF,0x00,0x00,0x00,0x01,0x80,0x00,0x00,0xC1,0x80,0x0E,0x78,0xF7,0xE0,0x1C,0xFE,
  0xC1,0x80,0x31,0x83,0xC1,0x80,0x33,0x03,0xC1,0x80,0x63,0xE7,0xC1,0x80,0x60,0x6C,
  0xC1,0x80,0x60,0x38,0xC1,0x80,0x60,0x30,0xC1,0x80,0x60,0x60,0xC1,0x80,0x60,0x00,
  0xC1,0x80,0x37,0x00,0xC1,0x80,0x3F,0x00,0xC1,0x80,0x1E,0x00,0xC1,0x80,0x00,0x00,
  0x40,0x00,0x00,0x00,0x10,0xFF,0xFF,0xDE,0x70,0x00,0xF8,0x78,0x00,0x18,0x0C,0x78,
  0x18,0x06,0x6E,0x18,0x1E,0x63,0x18,0x38,0x63,0x18,0x30,0x6F,0x18,0x3C,0x6E,0x18,
  0x06,0x60,0x18,0x03,0x60,0x18,0x00,0xE0,0x18,0x00,0x60,0x18,0x0F,0xC0,0x00,0x1F,
  0xF8,0x00,0x30,0x0C,0x00,0x60,0x06,0x00,0x60,0x00,0x00,0x60,0x00,0x00,0xFF,0xFF,
  0xFC,0x37,0x80,0x00,0x33,0xC0,0x00,0x30,0x63,0xC0,0x30,0x33,0x70,0x30,0xF3,0x18,
  0x31,0xC3,0x18,0x31,0x83,0x78,0x31,0xE3,0x70,0x30,0x33,0x00,0x30,0x1B,0x00,0x30,
  0x07,0x00,0x20,0x03,0x00,0x00,0x7F,0x00,0x01,0xE7,0xC0,0x01,0x80,0x60,0x00,0xFE,
  0x30,0x00,0x06,0x10,0x00,0x03,0x18,0xFF,0xFF,0xFE,0x70,0x00,0x18,0x78,0x00,0x18,
  0x0C,0x78,0x18,0x06,0x6E,0x18,0x1E,0x63,0x18,0x38,0x63,0x18,0x30,0x6F,0x18,0x3C,
  0x6E,0x18,0x06,0x60,0x18,0x03,0x60,0x18,0x00,0xE0,0x18,0x00,0x60,0x18,0xFF,0xFF,
  0x80,0x70,0x00,0x00,0x78,0x00,0x00,0x0C,0x78,0x00,0x06,0x6E,0x00,0x1E,0x63,0x00,
  0x38,0x63,0x00,0x30,0x6F,0x00,0x3C,0x6E,0x00,0x06,0x60,0x00,0x03,0x60,0x00,0x00,
  0xE0,0x00,0x00,0xE0,0x00,0x03,0xE0,0x00,0x06,0x70,0x00,0x06,0xF8,0x00,0x03,0xC8,
  0x00,0x00,0x00,0x00,0xFF,0xFF,0x80,0x70,0x00,0x00,0x78,0x00,0x00,0x0C,0x78,0x00,
  0x06,0x6E,0x00,0x1E,0x63,0x00,0x38,0x63,0x00,0x30,0x6F,0x00,0x3C,0x6E,0x00,0x06,
  0x60,0x00,0x03,0x60,0x00,0x00,0xE0,0x00,0x00,0xE0,0x00,0x01,0xE0,0x00,0x03,0x00,
  0x00,0x03,0x30,0x00,0x01,0xFC,0x00,0x00,0x00,0x00,0xFF,0xFF,0x80,0x70,0x00,0x00,
  0x78,0x00,0x00,0x0C,0x78,0x00,0x06,0x6E,0x00,0x1E,0x63,0x00,0x38,0x63,0x00,0x30,
  0x6F,0x00,0x3C,0x6E,0x00,0x06,0x60,0x00,0x03,0x60,0x00,0x00,0xE0,0x00,0x00,0x60,
  0x00,0x00,0xE0,0x00,0x03,0x80,0x00,0x03,0x00,0x00,0x01,0xC0,0x00,0x00,0x60,0x00,
  0x00,0x00,0x00,0x07,0xFF,0xFF,0x1E,0xE0,0x00,0x38,0xF0,0x00,0x30,0x18,0xF0,0x20,
  0x0C,0xDC,0x60,0x3C,0xC6,0x60,0x70,0xC6,0x60,0x60,0xDE,0x60,0x78,0xDC,0x60,0x0C,
  0xC0,0x2E,0x06,0xC0,0x3E,0x01,0xC0,0x1E,0x00,0xC0,0x00,0x00,0x00,0xC0,0x00,0x00,
  0x00,0xC0,0x00,0x00,0x00,0xE0,0x00,0x00,0x00,0x7E,0x00,0x00,0x00,0x03,0x00,0x00,
  0x00,0x03,0x00,0x00,0x00,0x03,0xFF,0xFF,0x80,0x0F,0xF0,0x00,0x00,0x0C,0x78,0x00,
  0x00,0x18,0x0C,0x78,0x00,0x10,0x06,0x6E,0x00,0x30,0x1E,0x63,0x00,0x30,0x38,0x63,
  0x00,0x30,0x30,0x6F,0x00,0x30,0x3C,0x6E,0x00,0x30,0x06,0x60,0x00,0x17,0x03,0x60,
  0x00,0x1F,0x00,0xE0,0x00,0x0F,0x00,0x60,0x00,0x00,0x00,0x00,0x00,0x00,0x00,0x00,
  0x20,0x07,0xFF,0xFF,0xBC,0x1E,0xE0,0x01,0xF0,0x38,0xF0,0x00,0x30,0x30,0x18,0xF0,
  0x30,0x20,0x0C,0xDC,0x30,0x60,0x3C,0xC6,0x30,0x60,0x70,0xC6,0x30,0x60,0x60,0xDE,
  0x30,0x60,0x78,0xDC,0x30,0x60,0x0C,0xC0,0x30,0x2E,0x06,0xC0,0x30,0x3E,0x01,0xC0,
  0x30,0x1E,0x00,0xC0,0x30,0x00,0x00,0x00,0x00,0x00,0x00,0x60,0x00,0x00,0x00,0x60,
  0x00,0x00,0x00,0x70,0x00,0x00,0x00,0x3F,0xE0,0x00,0x00,0x00,0x30,0x00,0x00,0x00,
  0x30,0x07,0xFF,0xFF,0xFC,0x1E,0xE0,0x00,0x30,0x38,0xF0,0x00,0x30,0x30,0x18,0xF0,
  0x30,0x20,0x0C,0xDC,0x30,0x60,0x3C,0xC6,0x30,0x60,0x70,0xC6,0x30,0x60,0x60,0xDE,
  0x30,0x60,0x78,0xDC,0x30,0x60,0x0C,0xC0,0x30,0x2E,0x06,0xC0,0x30,0x3E,0x01,0xC0,
  0x30,0x1E,0x00,0xC0,0x30,0x00,0x00,0x00,0x00,0x00,0x02,0x00,0xFF,0xFB,0xC0,0x00,
  0xDF,0x00,0x00,0xC3,0x00,0x07,0xC3,0x00,0x1E,0xC3,0x00,0x38,0xC3,0x00,0x60,0xC3,
  0x00,0x78,0xC3,0x00,0x1C,0xC3,0x00,0x07,0xC3,0x00,0x03,0xC3,0x00,0x01,0xC3,0x00,
  0x00,0xC3,0x00,0x0F,0xC0,0x00,0x1F,0xF0,0x00,0x70,0x1C,0x00,0x60,0x06,0x00,0x60,
  0x00,0x00,0x60,0x00,0x00,0xFF,0xFF,0x80,0x34,0x06,0x00,0x30,0x06,0x00,0x30,0x3E,
  0x00,0x30,0xF6,0x00,0x31,0xC6,0x00,0x33,0x06,0x00,0x33,0xC6,0x00,0x30,0xE6,0x00,
  0x30,0x3E,0x00,0x30,0x1E,0x00,0x30,0x0E,0x00,0x20,0x06,0x00,0x0F,0xE0,0x00,0x3C,
  0xF8,0x00,0x30,0x0C,0x00,0x1F,0xC6,0x00,0x00,0xC2,0x00,0x00,0x63,0x00,0xFF,0xFF,
  0xC0,0x00,0xC3,0x00,0x00,0xC3,0x00,0x07,0xC3,0x00,0x1E,0xC3,0x00,0x38,0xC3,0x00,
  0x60,0xC3,0x00,0x78,0xC3,0x00,0x1C,0xC3,0x00,0x07,0xC3,0x00,0x03,0xC3,0x00,0x01,
  0xC3,0x00,0x00,0xC3,0x00,0xFF,0xF0,0x00,0xC0,0x00,0xC0,0x07,0xC0,0x1E,0xC0,0x38,
  0xC0,0x60,0xC0,0x78,0xC0,0x1C,0xC0,0x07,0xC0,0x03,0xC0,0x01,0xC0,0x00,0xC0,0x07,
  0xC0,0x0C,0xE0,0x0D,0xF0,0x07,0x90,0x00,0x00,0xFF,0xF0,0x00,0xC0,0x00,0xC0,0x07,
  0xC0,0x1E,0xC0,0x38,0xC0,0x60,0xC0,0x78,0xC0,0x1C,0xC0,0x07,0xC0,0x03,0xC0,0x01,
  0xC0,0x00,0xC0,0x03,0xC0,0x06,0x00,0x06,0x60,0x03,0xF8,0x00,0x00,0xFF,0xF0,0x00,
  0xC0,0x00,0xC0,0x07,0xC0,0x1E,0xC0,0x38,0xC0,0x60,0xC0,0x78,0xC0,0x1C,0xC0,0x07,
  0xC0,0x03,0xC0,0x01,0xC0,0x00,0xC0,0x01,0xC0,0x07,0x00,0x06,0x00,0x03,0x80,0x00,
  0xC0,0x00,0x00,0x07,0xFF,0xE0,0x1E,0x01,0x80,0x38,0x01,0x80,0x30,0x0F,0x80,0x20,
  0x3D,0x80,0x60,0x71,0x80,0x60,0xC1,0x80,0x60,0xF1,0x80,0x60,0x39,0x80,0x60,0x0F,
  0x80,0x2E,0x07,0x80,0x3E,0x03,0x80,0x1E,0x01,0x80,0x00,0x00,0x00,0xC0,0x00,0x00,
  0xC0,0x00,0x00,0xE0,0x00,0x00,0x7E,0x00,0x00,0x03,0x00,0x00,0x03,0x00,0x00,0x03,
  0xFF,0xF0,0x0F,0x80,0xC0,0x0C,0x00,0xC0,0x18,0x07,0xC0,0x10,0x1E,0xC0,0x30,0x38,
  0xC0,0x30,0x60,0xC0,0x30,0x78,0xC0,0x30,0x1C,0xC0,0x30,0x07,0xC0,0x17,0x03,0xC0,
  0x1F,0x01,0xC0,0x0F,0x00,0xC0,0x00,0x00,0x00,0x00,0x00,0x04,0x00,0x07,0xFF,0xF7,
  0x80,0x1E,0x01,0xBE,0x00,0x38,0x01,0x86,0x00,0x30,0x0F,0x86,0x00,0x20,0x3D,0x86,
  0x00,0x60,0x71,0x86,0x00,0x60,0xC1,0x86,0x00,0x60,0xF1,0x86,0x00,0x60,0x39,0x86,
  0x00,0x60,0x0F,0x86,0x00,0x2E,0x07,0x86,0x00,0x3E,0x03,0x86,0x00,0x1E,0x01,0x86,
  0x00,0x00,0x00,0x00,0x00,0x00,0x0C,0x00,0x00,0x00,0x0C,0x00,0x00,0x00,0x0E,0x00,
  0x00,0x00,0x07,0xFC,0x00,0x00,0x00,0x06,0x00,0x00,0x00,0x06,0x00,0x07,0xFF,0xFF,
  0x80,0x1E,0x01,0x86,0x00,0x38,0x01,0x86,0x00,0x30,0x0F,0x86,0x00,0x20,0x3D,0x86,
  0x00,0x60,0x71,0x86,0x00,0x60,0xC1,0x86,0x00,0x60,0xF1,0x86,0x00,0x60,0x39,0x86,
  0x00,0x60,0x0F,0x86,0x00,0x2E,0x07,0x86,0x00,0x3E,0x03,0x86,0x00,0x1E,0x01,0x86,
  0x00,0x00,0x00,0x00,0x00,0x00,0x00,0x80,0xFF,0xFE,0xF0,0x00,0x07,0xC0,0x00,0x00,
  0xC0,0x43,0x30,0xC0,0x67,0x30,0xC0,0x67,0x78,0xC0,0x23,0xD8,0xC0,0x30,0x18,0xC0,
  0x10,0x18,0xC0,0x18,0x18,0xC0,0x0E,0x30,0xC0,0x03,0xE0,0xC0,0x00,0x00,0xC0,0x0F,
  0xC0,0x00,0x1F,0xF8,0x00,0x30,0x0C,0x00,0x60,0x06,0x00,0x60,0x00,0x00,0x60,0x00,
  0x00,0xFF,0xFF,0xE0,0x34,0x00,0x00,0x30,0x00,0x00,0x32,0x19,0x80,0x33,0x39,0x80,
  0x33,0x3B,0xC0,0x31,0x1E,0xC0,0x31,0x80,0xC0,0x30,0x80,0xC0,0x30,0xC0,0xC0,0x30,
  0x71,0x80,0x30,0x1F,0x00,0x20,0x00,0x00,0x03,0xF8,0x00,0x0F,0x3E,0x00,0x0C,0x03,
  0x00,0x07,0xF1,0x80,0x00,0x30,0x80,0x00,0x18,0xC0,0xFF,0xFF,0xF0,0x00,0x00,0xC0,
  0x00,0x00,0xC0,0x43,0x30,0xC0,0x67,0x30,0xC0,0x67,0x78,0xC0,0x23,0xD8,0xC0,0x30,
  0x18,0xC0,0x10,0x18,0xC0,0x18,0x18,0xC0,0x0E,0x30,0xC0,0x03,0xE0,0xC0,0x00,0x00,
  0xC0,0xFF,0xFC,0x00,0x00,0x00,0x00,0x43,0x30,0x67,0x30,0x67,0x78,0x23,0xD8,0x30,
  0x18,0x10,0x18,0x18,0x18,0x0E,0x70,0x03,0xE0,0x00,0x60,0x03,0xE0,0x06,0x70,0x06,
  0x78,0x06,0xC8,0x03,0x80,0x00,0x00,0xFF,0xFC,0x00,0x00,0x00,0x00,0x43,0x30,0x67,
  0x30,0x67,0x78,0x23,0xD8,0x30,0x18,0x10,0x18,0x18,0x18,0x0E,0x70,0x03,0xE0,0x00,
  0x60,0x01,0xE0,0x03,0x00,0x03,0x30,0x01,0xFC,0x00,0x00,0xFF,0xFC,0x00,0x00,0x00,
  0x00,0x43,0x30,0x67,0x30,0x67,0x78,0x23,0xD8,0x30,0x18,0x10,0x18,0x18,0x18,0x0E,
  0x30,0x03,0xE0,0x00,0xE0,0x03,0x80,0x03,0x00,0x01,0xC0,0x00,0x60,0x00,0x00,0x07,
  0xFF,0xF8,0x1E,0x00,0x00,0x38,0x00,0x00,0x30,0x86,0x60,0x20,0xCE,0x60,0x60,0xCE,
  0xF0,0x60,0x47,0xB0,0x60,0x60,0x30,0x60,0x20,0x30,0x60,0x30,0x30,0x2E,0x1C,0x60,
  0x3E,0x07,0xC0,0x1E,0x00,0x00,0x00,0x00,0x00,0xC0,0x00,0x00,0xC0,0x00,0x00,0xE0,
  0x00,0x00,0x7E,0x00,0x00,0x03,0x00,0x00,0x03,0x00,0x00,0x03,0xFF,0xFC,0x0F,0x80,
  0x00,0x0C,0x00,0x00,0x18,0x43,0x30,0x10,0x67,0x30,0x30,0x67,0x78,0x30,0x23,0xD8,
  0x30,0x30,0x18,0x30,0x10,0x18,0x30,0x18,0x18,0x17,0x0E,0x30,0x1F,0x03,0xE0,0x0F,
  0x00,0x00,0x00,0x00,0x00,0x00,0x00,0x01,0x00,0x07,0xFF,0xFD,0xE0,0x1E,0x00,0x0F,
  0x80,0x38,0x00,0x01,0x80,0x30,0x86,0x61,0x80,0x20,0xCE,0x61,0x80,0x60,0xCE,0xF1,
  0x80,0x60,0x47,0xB1,0x80,0x60,0x60,0x31,0x80,0x60,0x20,0x31,0x80,0x60,0x30,0x31,
  0x80,0x2E,0x1C,0x61,0x80,0x3E,0x07,0xC1,0x80,0x1E,0x00,0x01,0x80,0x00,0x00,0x00,
  0x00,0x00,0x03,0x00,0x00,0x00,0x03,0x00,0x00,0x00,0x03,0x80,0x00,0x00,0x01,0xFF,
  0x00,0x00,0x00,0x01,0x80,0x00,0x00,0x01,0x80,0x07,0xFF,0xFF,0xE0,0x1E,0x00,0x01,
  0x80,0x38,0x00,0x01,0x80,0x30,0x86,0x61,0x80,0x20,0xCE,0x61,0x80,0x60,0xCE,0xF1,
  0x80,0x60,0x47,0xB1,0x80,0x60,0x60,0x31,0x80,0x60,0x20,0x31,0x80,0x60,0x30,0x31,
  0x80,0x2E,0x1C,0x61,0x80,0x3E,0x07,0xC1,0x80,0x1E,0x00,0x01,0x80,0x00,0x00,0x00,
  0x00,0x00,0x02,0x00,0xFF,0xFB,0xC0,0x70,0x7F,0x00,0x78,0x63,0x00,0x18,0x63,0x00,
  0x0C,0x63,0x00,0x0C,0x63,0x00,0x1E,0x63,0x00,0x3F,0x63,0x00,0x3C,0xE3,0x00,0x18,
  0xE3,0x00,0x00,0x63,0x00,0x00,0x63,0x00,0x00,0x63,0x00,0x0F,0xC0,0x00,0x1F,0xF8,
  0x00,0x30,0x0C,0x00,0x60,0x06,0x00,0x60,0x00,0x00,0x60,0x00,0x00,0xFF,0xFF,0xC0,
  0x37,0x83,0x00,0x33,0xC3,0x00,0x30,0xC3,0x00,0x30,0x63,0x00,0x30,0x63,0x00,0x30,
  0xF3,0x00,0x31,0xFB,0x00,0x31,0xE7,0x00,0x30,0xC7,0x00,0x30,0x03,0x00,0x30,0x03,
  0x00,0x20,0x03,0x00,0x0F,0xE0,0x00,0x3C,0xF8,0x00,0x30,0x0C,0x00,0x1F,0xC6,0x00,
  0x00,0xC2,0x00,0x00,0x63,0x00,0xFF,0xFF,0xC0,0x70,0x6B,0x00,0x78,0x63,0x00,0x18,
  0x63,0x00,0x0C,0x63,0x00,0x0C,0x63,0x00,0x1E,0x63,0x00,0x3F,0x63,0x00,0x3C,0xE3,
  0x00,0x18,0xE3,0x00,0x00,0x63,0x00,0x00,0x63,0x00,0x00,0x63,0x00,0xFF,0xF8,0x70,
  0x60,0x78,0x60,0x18,0x60,0x0C,0x60,0x0C,0x60,0x1E,0x60,0x3F,0x60,0x3C,0xE0,0x18,
  0xE0,0x00,0x60,0x00,0x60,0x00,0x60,0x03,0xE0,0x06,0x70,0x06,0xF8,0x03,0xC8,0x00,
  0x00,0xFF,0xF8,0x70,0x60,0x78,0x60,0x18,0x60,0x0C,0x60,0x0C,0x60,0x1E,0x60,0x3F,
  0x60,0x3C,0xE0,0x18,0xE0,0x00,0x60,0x00,0x60,0x00,0x60,0x01,0xE0,0x03,0x00,0x03,
  0x30,0x01,0xFC,0x00,0x00,0xFF,0xF8,0x70,0x60,0x78,0x60,0x18,0x60,0x0C,0x60,0x0C,
  0x60,0x1E,0x60,0x3F,0x60,0x3C,0xE0,0x18,0xE0,0x00,0x60,0x00,0x60,0x00,0x60,0x00,
  0xE0,0x03,0x80,0x03,0x00,0x01,0xC0,0x00,0x60,0x00,0x00,0x07,0xFF,0xF0,0x1E,0xE0,
  0xC0,0x38,0xF0,0xC0,0x30,0x30,0xC0,0x20,0x18,0xC0,0x60,0x18,0xC0,0x60,0x3C,0xC0,
  0x60,0x7E,0xC0,0x60,0x79,0xC0,0x60,0x31,0xC0,0x2E,0x00,0xC0,0x3E,0x00,0xC0,0x1E,
  0x00,0xC0,0x00,0x00,0x00,0xC0,0x00,0x00,0xC0,0x00,0x00,0xE0,0x00,0x00,0x7E,0x00,
  0x00,0x03,0x00,0x00,0x03,0x00,0x00,0x03,0xFF,0xF8,0x0F,0xF0,0x60,0x0C,0x78,0x60,
  0x18,0x18,0x60,0x10,0x0C,0x60,0x30,0x0C,0x60,0x30,0x1E,0x60,0x30,0x3F,0x60,0x30,
  0x3C,0xE0,0x30,0x18,0xE0,0x17,0x00,0x60,0x1F,0x00,0x60,0x0F,0x00,0x60,0x00,0x00,
  0x00,0x00,0x00,0x04,0x00,0x07,0xFF,0xF7,0x80,0x1E,0xE0,0xFE,0x00,0x38,0xF0,0xC6,
  0x00,0x30,0x30,0xC6,0x00,0x20,0x18,0xC6,0x00,0x60,0x18,0xC6,0x00,0x60,0x3C,0xC6,
  0x00,0x60,0x7E,0xC6,0x00,0x60,0x79,0xC6,0x00,0x60,0x31,0xC6,0x00,0x2E,0x00,0xC6,
  0x00,0x3E,0x00,0xC6,0x00,0x1E,0x00,0xC6,0x00,0x00,0x00,0x00,0x00,0x00,0x0C,0x00,
  0x00,0x00,0x0C,0x00,0x00,0x00,0x0E,0x00,0x00,0x00,0x07,0xFC,0x00,0x00,0x00,0x06,
  0x00,0x00,0x00,0x06,0x00,0x07,0xFF,0xFF,0x80,0x1E,0xE0,0xD6,0x00,0x38,0xF0,0xC6,
  0x00,0x30,0x30,0xC6,0x00,0x20,0x18,0xC6,0x00,0x60,0x18,0xC6,0x00,0x60,0x3C,0xC6,
  0x00,0x60,0x7E,0xC6,0x00,0x60,0x79,0xC6,0x00,0x60,0x31,0xC6,0x00,0x2E,0x00,0xC6,
  0x00,0x3E,0x00,0xC6,0x00,0x1E,0x00,0xC6,0x00,0x00,0x00,0x00,0x00,0x00,0x01,0x00,
  0xFF,0xFD,0xE0,0x70,0x6F,0x80,0x38,0x61,0x80,0x0C,0x61,0x80,0x06,0x61,0x80,0x0E,
  0x61,0x80,0x38,0x61,0x80,0x30,0x61,0x80,0x3C,0x61,0x80,0x07,0x61,0x80,0x01,0xE1,
  0x80,0x00,0xE1,0x80,0x00,0x61,0x80,0x0F,0xC0,0x00,0x1F,0xF0,0x00,0x70,0x1C,0x00,
  0x60,0x06,0x00,0x60,0x00,0x00,0x60,0x00,0x00,0xFF,0xFF,0xC0,0x37,0x83,0x00,0x31,
  0xC3,0x00,0x30,0x63,0x00,0x30,0x33,0x00,0x30,0x73,0x00,0x31,0xC3,0x00,0x31,0x83,
  0x00,0x31,0xE3,0x00,0x30,0x3B,0x00,0x30,0x0F,0x00,0x30,0x07,0x00,0x20,0x03,0x00,
  0x07,0xF0,0x00,0x1E,0x7C,0x00,0x18,0x06,0x00,0x0F,0xE3,0x00,0x00,0x61,0x00,0x00,
  0x31,0x80,0xFF,0xFF,0xE0,0x70,0x61,0x80,0x38,0x61,0x80,0x0C,0x61,0x80,0x06,0x61,
  0x80,0x0E,0x61,0x80,0x38,0x61,0x80,0x30,0x61,0x80,0x3C,0x61,0x80,0x07,0x61,0x80,
  0x01,0xE1,0x80,0x00,0xE1,0x80,0x00,0x61,0x80,0xFF,0xF8,0x70,0x60,0x38,0x60,0x0C,
  0x60,0x06,0x60,0x0E,0x60,0x38,0x60,0x30,0x60,0x3C,0x60,0x07,0x60,0x01,0xE0,0x00,
  0xE0,0x00,0x60,0x03,0xE0,0x06,0x70,0x06,0xF8,0x03,0xC8,0x00,0x00,0xFF,0xF8,0x70,
  0x60,0x38,0x60,0x0C,0x60,0x06,0x60,0x0E,0x60,0x38,0x60,0x30,0x60,0x3C,0x60,0x07,
  0x60,0x01,0xE0,0x00,0xE0,0x00,0x60,0x01,0xE0,0x03,0x00,0x03,0x30,0x01,0xFC,0x00,
  0x00,0xFF,0xF8,0x70,0x60,0x38,0x60,0x0C,0x60,0x06,0x60,0x0E,0x60,0x38,0x60,0x30,
  0x60,0x3C,0x60,0x07,0x60,0x01,0xE0,0x00,0xE0,0x00,0x60,0x00,0xE0,0x03,0x80,0x03,
  0x00,0x01,0xC0,0x00,0x60,0x00,0x00,0x07,0xFF,0xF0,0x1E,0xE0,0xC0,0x38,0x70,0xC0,
  0x30,0x18,0xC0,0x20,0x0C,0xC0,0x60,0x1C,0xC0,0x60,0x70,0xC0,0x60,0x60,0xC0,0x60,
  0x78,0xC0,0x60,0x0E,0xC0,0x2E,0x03,0xC0,0x3E,0x01,0xC0,0x1E,0x00,0xC0,0x00,0x00,
  0x00,0xC0,0x00,0x00,0xC0,0x00,0x00,0xE0,0x00,0x00,0x7E,0x00,0x00,0x03,0x00,0x00,
  0x03,0x00,0x00,0x03,0xFF,0xF8,0x0F,0xF0,0x60,0x0C,0x38,0x60,0x18,0x0C,0x60,0x10,
  0x06,0x60,0x30,0x0E,0x60,0x30,0x38,0x60,0x30,0x30,0x60,0x30,0x3C,0x60,0x30,0x07,
  0x60,0x17,0x01,0xE0,0x1F,0x00,0xE0,0x0F,0x00,0x60,0x00,0x00,0x00,0x00,0x00,0x02,
  0x00,0x07,0xFF,0xFB,0xC0,0x1E,0xE0,0xDF,0x00,0x38,0x70,0xC3,0x00,0x30,0x18,0xC3,
  0x00,0x20,0x0C,0xC3,0x00,0x60,0x1C,0xC3,0x00,0x60,0x70,0xC3,0x00,0x60,0x60,0xC3,
  0x00,0x60,0x78,0xC3,0x00,0x60,0x0E,0xC3,0x00,0x2E,0x03,0xC3,0x00,0x3E,0x01,0xC3,
  0x00,0x1E,0x00,0xC3,0x00,0x00,0x00,0x00,0x00,0x00,0x06,0x00,0x00,0x00,0x06,0x00,
  0x00,0x00,0x07,0x00,0x00,0x00,0x03,0xFE,0x00,0x00,0x00,0x03,0x00,0x00,0x00,0x03,
  0x00,0x07,0xFF,0xFF,0xC0,0x1E,0xE0,0xC3,0x00,0x38,0x70,0xC3,0x00,0x30,0x18,0xC3,
  0x00,0x20,0x0C,0xC3,0x00,0x60,0x1C,0xC3,0x00,0x60,0x70,0xC3,0x00,0x60,0x60,0xC3,
  0x00,0x60,0x78,0xC3,0x00,0x60,0x0E,0xC3,0x00,0x2E,0x03,0xC3,0x00,0x3E,0x01,0xC3,
  0x00,0x1E,0x00,0xC3,0x00,0x00,0x00,0x00,0x00,0x00,0x02,0x00,0xFF,0xFB,0xC0,0x00,
  0xDF,0x00,0x00,0xC3,0x00,0x07,0xC3,0x00,0x0E,0xC3,0x00,0x38,0xC3,0x00,0x60,0xC3,
  0x00,0x38,0xC3,0x00,0x0E,0xC3,0x00,0x03,0xC3,0x00,0x01,0xC3,0x00,0x18,0xC3,0x00,
  0x00,0x43,0x00,0x0F,0xC0,0x00,0x1F,0xF0,0x00,0x70,0x1C,0x00,0x60,0x06,0x00,0x60,
  0x00,0x00,0x60,0x00,0x00,0xFF,0xFF,0x80,0x34,0x06,0x00,0x30,0x06,0x00,0x30,0x3E,
  0x00,0x30,0x76,0x00,0x31,0xC6,0x00,0x33,0x06,0x00,0x31,0xC6,0x00,0x30,0x76,0x00,
  0x30,0x1E,0x00,0x30,0x0E,0x00,0x30,0xC6,0x00,0x20,0x02,0x00,0x0F,0xE0,0x00,0x3C,
  0xF8,0x00,0x30,0x0C,0x00,0x1F,0xC6,0x00,0x00,0xC2,0x00,0x00,0x63,0x00,0xFF,0xFF,
  0xC0,0x00,0xC3,0x00,0x00,0xC3,0x00,0x07,0xC3,0x00,0x0E,0xC3,0x00,0x38,0xC3,0x00,
  0x60,0xC3,0x00,0x38,0xC3,0x00,0x0E,0xC3,0x00,0x03,0xC3,0x00,0x01,0xC3,0x00,0x18,
  0xC3,0x00,0x00,0x43,0x00,0xFF,0xFF,0x00,0xF0,0x00,0xC0,0x07,0xC0,0x0E,0xCE,0x38,
  0xCE,0x60,0xE3,0x38,0xF6,0x0E,0xDE,0x03,0xC0,0x01,0xC0,0x18,0xC0,0x00,0x40,0xFF,
  0xFF,0x00,0xC0,0x00,0xC0,0x07,0xDC,0x0E,0xFC,0x38,0xC4,0x60,0xCC,0x38,0xCC,0x0E,
  0xCC,0x03,0xCC,0x01,0xCC,0x18,0xCC,0x00,0x44,0xFF,0xF0,0x00,0xC0,0x00,0xC0,0x07,
  0xC0,0x0E,0xC0,0x38,0xC0,0x60,0xC0,0x38,0xC0,0x0E,0xC0,0x03,0xC0,0x01,0xC0,0x18,
  0xC0,0x00,0xC0,0x01,0xC0,0x07,0x00,0x06,0x00,0x03,0x80,0x00,0xC0,0x00,0x00,0x07,
  0xFF,0xE0,0x1E,0x01,0x80,0x38,0x01,0x80,0x30,0x0F,0x80,0x20,0x1D,0x80,0x60,0x71,
  0x80,0x60,0xC1,0x80,0x60,0x71,0x80,0x60,0x1D,0x80,0x60,0x07,0x80,0x2E,0x03,0x80,
  0x3E,0x31,0x80,0x1E,0x00,0x80,0x00,0x00,0x00,0xC0,0x00,0x00,0xC0,0x00,0x00,0xE0,
  0x00,0x00,0x7E,0x00,0x00,0x03,0x00,0x00,0x03,0x00,0x00,0x03,0xFF,0xF0,0x0F,0x80,
  0xC0,0x0C,0x00,0xC0,0x18,0x07,0xC0,0x10,0x0E,0xC0,0x30,0x38,0xC0,0x30,0x60,0xC0,
  0x30,0x38,0xC0,0x30,0x0E,0xC0,0x30,0x03,0xC0,0x17,0x01,0xC0,0x1F,0x18,0xC0,0x0F,
  0x00,0x40,0x00,0x00,0x00,0x00,0x00,0x04,0x00,0x07,0xFF,0xF7,0x80,0x1E,0x01,0xBE,
  0x00,0x38,0x01,0x86,0x00,0x30,0x0F,0x86,0x00,0x20,0x1D,0x86,0x00,0x60,0x71,0x86,
  0x00,0x60,0xC1,0x86,0x00,0x60,0x71,0x86,0x00,0x60,0x1D,0x86,0x00,0x60,0x07,0x86,
  0x00,0x2E,0x03,0x86,0x00,0x3E,0x31,0x86,0x00,0x1E,0x00,0x86,0x00,0x00,0x00,0x00,
  0x00,0x00,0x0C,0x00,0x00,0x00,0x0C,0x00,0x00,0x00,0x0E,0x00,0x00,0x00,0x07,0xFC,
  0x00,0x00,0x00,0x06,0x00,0x00,0x00,0x06,0x00,0x07,0xFF,0xFF,0x80,0x1E,0x01,0x86,
  0x00,0x38,0x01,0x86,0x00,0x30,0x0F,0x86,0x00,0x20,0x1D,0x86,0x00,0x60,0x71,0x86,
  0x00,0x60,0xC1,0x86,0x00,0x60,0x71,0x86,0x00,0x60,0x1D,0x86,0x00,0x60,0x07,0x86,
  0x00,0x2E,0x03,0x86,0x00,0x3E,0x31,0x86,0x00,0x1E,0x00,0x86,0x00,0x00,0x00,0x00,
  0x00,0x00,0x00,0x00,0x00,0x3F,0xC0,0x00,0x80,0x20,0x40,0x02,0xF0,0x20,0x40,0x03,
  0xC0,0x20,0x40,0x00,0xC0,0x20,0x40,0x40,0xC0,0x20,0x42,0x10,0xC0,0x20,0x40,0x00,
  0xC0,0x20,0x44,0x08,0xC0,0x20,0x40,0x00,0xC0,0x20,0x40,0x00,0xC0,0x20,0x42,0x10,
  0xC0,0x20,0x40,0x40,0xC0,0x20,0x40,0x00,0xC0,0x3F,0xC0,0x00,0xC0,0x00,0x00,0xFC,
  0x00,0x00,0x01,0xFF,0x00,0x00,0x07,0x01,0xC0,0x00,0x06,0x00,0x60,0x00,0x06,0x00,
  0x00,0x3F,0xC6,0x00,0x00,0x20,0x4F,0xC0,0x00,0x20,0x43,0x00,0x00,0x20,0x43,0x00,
  0x00,0x20,0x43,0x02,0x00,0x20,0x43,0x10,0x80,0x20,0x43,0x00,0x00,0x20,0x43,0x20,
  0x40,0x20,0x43,0x00,0x00,0x20,0x43,0x00,0x00,0x20,0x43,0x10,0x80,0x20,0x43,0x02,
  0x00,0x20,0x43,0x00,0x00,0x3F,0xC2,0x00,0x00,0x00,0x03,0xF8,0x00,0x00,0x0F,0x3E,
  0x00,0x00,0x0C,0x03,0x00,0x00,0x07,0xF1,0x80,0x00,0x00,0x30,0x80,0x3F,0xC0,0x18,
  0xC0,0x20,0x40,0x03,0xF0,0x20,0x40,0x00,0xC0,0x20,0x40,0x00,0xC0,0x20,0x40,0x40,
  0xC0,0x20,0x42,0x10,0xC0,0x20,0x40,0x00,0xC0,0x20,0x44,0x08,0xC0,0x20,0x40,0x00,
  0xC0,0x20,0x40,0x00,0xC0,0x20,0x42,0x10,0xC0,0x20,0x40,0x40,0xC0,0x20,0x40,0x00,
  0xC0,0x3F,0xC0,0x00,0xC0,0x00,0x00,0x00,0x3F,0xC0,0x00,0x20,0x40,0x00,0x20,0x40,
  0x00,0x20,0x40,0x00,0x20,0x40,0x00,0x20,0x40,0x00,0x20,0x40,0x00,0x20,0x40,0x00,
  0x20,0x40,0x00,0x20,0x40,0x00,0x20,0x40,0x00,0x20,0x40,0x00,0x20,0x40,0x00,0x3F,
  0xC0,0x00,0x00,0x7C,0x00,0x00,0xCE,0x00,0x00,0xDF,0x00,0x00,0x79,0x00,0x00,0x00,
  0x00,0x00,0x00,0x00,0x3F,0xC0,0x00,0x20,0x40,0x00,0x20,0x40,0x00,0x20,0x40,0x00,
  0x20,0x40,0x00,0x20,0x40,0x00,0x20,0x40,0x00,0x20,0x40,0x00,0x20,0x40,0x00,0x20,
  0x40,0x00,0x20,0x40,0x00,0x20,0x40,0x00,0x20,0x40,0x00,0x3F,0xC0,0x00,0x00,0x3C,
  0x00,0x00,0x60,0x00,0x00,0x66,0x00,0x00,0x3F,0x80,0x00,0x00,0x00,0x00,0x00,0x3F,
  0xC0,0x20,0x40,0x20,0x40,0x20,0x40,0x20,0x40,0x20,0x40,0x20,0x40,0x20,0x40,0x20,
  0x40,0x20,0x40,0x20,0x40,0x20,0x40,0x20,0x40,0x3F,0xC0,0x00,0x1C,0x00,0x70,0x00,
  0x60,0x00,0x38,0x00,0x0C,0x00,0x00,0x00,0x00,0x00,0x00,0x3F,0xC0,0x00,0x00,0x20,
  0x40,0x60,0x00,0x20,0x41,0xE0,0x00,0x20,0x43,0x80,0x00,0x20,0x43,0x00,0x80,0x20,
  0x42,0x04,0x20,0x20,0x46,0x00,0x00,0x20,0x46,0x08,0x10,0x20,0x46,0x00,0x00,0x20,
  0x46,0x00,0x00,0x20,0x46,0x04,0x20,0x20,0x42,0xE0,0x80,0x20,0x43,0xE0,0x00,0x3F,
  0xC1,0xE0,0x00,0x00,0x00,0x00,0x00,0x00,0x18,0x00,0x00,0x00,0x18,0x00,0x00,0x00,
  0x1C,0x00,0x00,0x00,0x0F,0xC0,0x00,0x00,0x00,0x60,0x00,0x3F,0xC0,0x60,0x00,0x20,
  0x40,0x60,0x00,0x20,0x41,0xE0,0x00,0x20,0x41,0x80,0x00,0x20,0x43,0x00,0x80,0x20,
  0x42,0x04,0x20,0x20,0x46,0x00,0x00,0x20,0x46,0x08,0x10,0x20,0x46,0x00,0x00,0x20,
  0x46,0x00,0x00,0x20,0x46,0x04,0x20,0x20,0x42,0xE0,0x80,0x20,0x43,0xE0,0x00,0x3F,
  0xC1,0xE0,0x00,0x00,0x00,0x00,0x00,0x00,0x00,0x00,0x00,0x00,0x3F,0xC0,0x00,0x01,
  0x00,0x20,0x40,0x60,0x05,0xE0,0x20,0x41,0xE0,0x07,0x80,0x20,0x43,0x80,0x01,0x80,
  0x20,0x43,0x00,0x81,0x80,0x20,0x42,0x04,0x21,0x80,0x20,0x46,0x00,0x01,0x80,0x20,
  0x46,0x08,0x11,0x80,0x20,0x46,0x00,0x01,0x80,0x20,0x46,0x00,0x01,0x80,0x20,0x46,
  0x04,0x21,0x80,0x20,0x42,0xE0,0x81,0x80,0x20,0x43,0xE0,0x01,0x80,0x3F,0xC1,0xE0,
  0x01,0x80,0x00,0x00,0x00,0x00,0x00,0x00,0x00,0x03,0x00,0x00,0x00,0x00,0x03,0x00,
  0x00,0x00,0x00,0x03,0x80,0x00,0x00,0x00,0x01,0xFF,0x00,0x00,0x00,0x00,0x01,0x80,
  0x3F,0xC0,0x00,0x01,0x80,0x20,0x40,0x60,0x07,0xE0,0x20,0x41,0xE0,0x01,0x80,0x20,
  0x43,0x80,0x01,0x80,0x20,0x43,0x00,0x81,0x80,0x20,0x42,0x04,0x21,0x80,0x20,0x46,
  0x00,0x01,0x80,0x20,0x46,0x08,0x11,0x80,0x20,0x46,0x00,0x01,0x80,0x20,0x46,0x00,
  0x01,0x80,0x20,0x46,0x04,0x21,0x80,0x20,0x42,0xE0,0x81,0x80,0x20,0x43,0xE0,0x01,
  0x80,0x3F,0xC1,0xE0,0x01,0x80,0x00,0x00,0x00,0x00,0x00,0x00,0x00,0x40,0xFF,0xFF,
  0x78,0x00,0x1B,0xE0,0x00,0x18,0x60,0x00,0x18,0x60,0x3D,0xF8,0x60,0x67,0xB8,0x60,
  0x63,0x18,0x60,0x61,0x18,0x60,0x7C,0x18,0x60,0x3C,0x18,0x60,0x00,0x18,0x60,0x00,
  0x18,0x60,0x00,0x18,0x60,0x07,0xF0,0x00,0x1F,0xFC,0x00,0x30,0x07,0x00,0x60,0x01,
  0x80,0x60,0x00,0x00,0x60,0x00,0x00,0xFF,0xFF,0xF0,0x34,0x00,0xC0,0x30,0x00,0xC0,
  0x30,0x00,0xC0,0x31,0xEF,0xC0,0x33,0x3D,0xC0,0x33,0x18,0xC0,0x33,0x08,0xC0,0x33,
  0xE0,0xC0,0x31,0xE0,0xC0,0x30,0x00,0xC0,0x30,0x00,0xC0,0x30,0x00,0xC0,0x01,0xFC,
  0x00,0x07,0x9F,0x00,0x06,0x01,0x80,0x03,0xF8,0xC0,0x00,0x18,0x40,0x00,0x0C,0x60,
  0xFF,0xFF,0xF8,0x00,0x18,0x60,0x00,0x18,0x60,0x00,0x18,0x60,0x3D,0xF8,0x60,0x67,
  0xB8,0x60,0x63,0x18,0x60,0x61,0x18,0x60,0x7C,0x18,0x60,0x3C,0x18,0x60,0x00,0x18,
  0x60,0x00,0x18,0x60,0x00,0x18,0x60,0xFF,0xFE,0x00,0x18,0x00,0x18,0x00,0x18,0x3D,
  0xF8,0x67,0xB8,0x63,0x18,0x61,0x18,0x7C,0x18,0x3C,0x18,0x00,0x18,0x00,0x18,0x00,
  0x18,0x00,0xF8,0x01,0x9C,0x01,0xBE,0x00,0xF2,0x00,0x00,0xFF,0xFE,0x00,0x00,0x18,
  0x00,0x00,0x18,0x00,0x00,0x18,0x00,0x3D,0xF8,0x00,0x67,0xB8,0x00,0x63,0x18,0x00,
  0x61,0x18,0x00,0x7C,0x18,0x00,0x3C,0x18,0x00,0x00,0x18,0x00,0x00,0x18,0x00,0x00,
  0x18,0x00,0x00,0x78,0x00,0x00,0xC0,0x00,0x00,0xCC,0x00,0x00,0x7F,0x00,0x00,0x00,
  0x00,0xFF,0xFE,0x00,0x18,0x00,0x18,0x00,0x18,0x3D,0xF8,0x67,0xB8,0x63,0x18,0x61,
  0x18,0x7C,0x18,0x3C,0x18,0x00,0x18,0x00,0x18,0x00,0x18,0x00,0x38,0x00,0xE0,0x00,
  0xC0,0x00,0x70,0x00,0x18,0x00,0x00,0x07,0xFF,0xFC,0x1E,0x00,0x30,0x38,0x00,0x30,
  0x30,0x00,0x30,0x20,0x7B,0xF0,0x60,0xCF,0x70,0x60,0xC6,0x30,0x60,0xC2,0x30,0x60,
  0xF8,0x30,0x60,0x78,0x30,0x2E,0x00,0x30,0x3E,0x00,0x30,0x1E,0x00,0x30,0x00,0x00,
  0x00,0xC0,0x00,0x00,0xC0,0x00,0x00,0xE0,0x00,0x00,0x7E,0x00,0x00,0x03,0x00,0x00,
  0x03,0x00,0x00,0x03,0xFF,0xFE,0x0F,0x80,0x18,0x0C,0x00,0x18,0x18,0x00,0x18,0x10,
  0x3D,0xF8,0x30,0x67,0xB8,0x30,0x63,0x18,0x30,0x61,0x18,0x30,0x7C,0x18,0x30,0x3C,
  0x18,0x17,0x00,0x18,0x1F,0x00,0x18,0x0F,0x00,0x18,0x00,0x00,0x00,0x00,0x00,0x00,
  0x80,0x07,0xFF,0xFE,0xF0,0x1E,0x00,0x37,0xC0,0x38,0x00,0x30,0xC0,0x30,0x00,0x30,
  0xC0,0x20,0x7B,0xF0,0xC0,0x60,0xCF,0x70,0xC0,0x60,0xC6,0x30,0xC0,0x60,0xC2,0x30,
  0xC0,0x60,0xF8,0x30,0xC0,0x60,0x78,0x30,0xC0,0x2E,0x00,0x30,0xC0,0x3E,0x00,0x30,
  0xC0,0x1E,0x00,0x30,0xC0,0x00,0x00,0x00,0x00,0x00,0x01,0x80,0x00,0x00,0x01,0x80,
  0x00,0x00,0x01,0xC0,0x00,0x00,0x00,0xFF,0x80,0x00,0x00,0x00,0xC0,0x00,0x00,0x00,
  0xC0,0x07,0xFF,0xFF,0xF0,0x1E,0x00,0x30,0xC0,0x38,0x00,0x30,0xC0,0x30,0x00,0x30,
  0xC0,0x20,0x7B,0xF0,0xC0,0x60,0xCF,0x70,0xC0,0x60,0xC6,0x30,0xC0,0x60,0xC2,0x30,
  0xC0,0x60,0xF8,0x30,0xC0,0x60,0x78,0x30,0xC0,0x2E,0x00,0x30,0xC0,0x3E,0x00,0x30,
  0xC0,0x1E,0x00,0x30,0xC0,0x00,0x00,0x00,0x00,0x00,0x00,0x00,0x00,0x3F,0xC0,0x00,
  0x80,0x20,0x40,0x02,0xF0,0x20,0x40,0x03,0xC0,0x20,0x40,0x00,0xC0,0x20,0x40,0x40,
  0xC0,0x20,0x42,0x10,0xC0,0x20,0x40,0x00,0xC0,0x20,0x44,0x08,0xC0,0x20,0x40,0x00,
  0xC0,0x20,0x40,0x00,0xC0,0x20,0x42,0x10,0xC0,0x20,0x40,0x40,0xC0,0x20,0x40,0x00,
  0xC0,0x3F,0xC0,0x00,0xC0,0x00,0x00,0xFC,0x00,0x00,0x01,0xFF,0x00,0x00,0x07,0x01,
  0xC0,0x00,0x06,0x00,0x60,0x00,0x06,0x00,0x00,0x3F,0xC6,0x00,0x00,0x20,0x4F,0xC0,
  0x00,0x20,0x43,0x00,0x00,0x20,0x43,0x00,0x00,0x20,0x43,0x02,0x00,0x20,0x43,0x10,
  0x80,0x20,0x43,0x00,0x00,0x20,0x43,0x20,0x40,0x20,0x43,0x00,0x00,0x20,0x43,0x00,
  0x00,0x20,0x43,0x10,0x80,0x20,0x43,0x02,0x00,0x20,0x43,0x00,0x00,0x3F,0xC2,0x00,
  0x00,0x00,0x03,0xF8,0x00,0x00,0x0F,0x3E,0x00,0x00,0x0C,0x03,0x00,0x00,0x07,0xF1,
  0x80,0x00,0x00,0x30,0x80,0x3F,0xC0,0x18,0xC0,0x20,0x40,0x03,0xF0,0x20,0x40,0x00,
  0xC0,0x20,0x40,0x00,0xC0,0x20,0x40,0x40,0xC0,0x20,0x42,0x10,0xC0,0x20,0x40,0x00,
  0xC0,0x20,0x44,0x08,0xC0,0x20,0x40,0x00,0xC0,0x20,0x40,0x00,0xC0,0x20,0x42,0x10,
  0xC0,0x20,0x40,0x40,0xC0,0x20,0x40,0x00,0xC0,0x3F,0xC0,0x00,0xC0,0x00,0x00,0x00,
  0x3F,0xC0,0x00,0x20,0x40,0x00,0x20,0x40,0x00,0x20,0x40,0x00,0x20,0x40,0x00,0x20,
  0x40,0x00,0x20,0x40,0x00,0x20,0x40,0x00,0x20,0x40,0x00,0x20,0x40,0x00,0x20,0x40,
  0x00,0x20,0x40,0x00,0x20,0x40,0x00,0x3F,0xC0,0x00,0x00,0x7C,0x00,0x00,0xCE,0x00,
  0x00,0xDF,0x00,0x00,0x79,0x00,0x00,0x00,0x00,0x00,0x00,0x00,0x3F,0xC0,0x00,0x20,
  0x40,0x00,0x20,0x40,0x00,0x20,0x40,0x00,0x20,0x40,0x00,0x20,0x40,0x00,0x20,0x40,
  0x00,0x20,0x40,0x00,0x20,0x40,0x00,0x20,0x40,0x00,0x20,0x40,0x00,0x20,0x40,0x00,
  0x20,0x40,0x00,0x3F,0xC0,0x00,0x00,0x3C,0x00,0x00,0x60,0x00,0x00,0x66,0x00,0x00,
  0x3F,0x80,0x00,0x00,0x00,0x00,0x00,0x3F,0xC0,0x20,0x40,0x20,0x40,0x20,0x40,0x20,
  0x40,0x20,0x40,0x20,0x40,0x20,0x40,0x20,0x40,0x20,0x40,0x20,0x40,0x20,0x40,0x20,
  0x40,0x3F,0xC0,0x00,0x1C,0x00,0x70,0x00,0x60,0x00,0x38,0x00,0x0C,0x00,0x00,0x00,
  0x00,0x00,0x00,0x3F,0xC0,0x00,0x00,0x20,0x40,0x60,0x00,0x20,0x41,0xE0,0x00,0x20,
  0x43,0x80,0x00,0x20,0x43,0x00,0x80,0x20,0x42,0x04,0x20,0x20,0x46,0x00,0x00,0x20,
  0x46,0x08,0x10,0x20,0x46,0x00,0x00,0x20,0x46,0x00,0x00,0x20,0x46,0x04,0x20,0x20,
  0x42,0xE0,0x80,0x20,0x43,0xE0,0x00,0x3F,0xC1,0xE0,0x00,0x00,0x00,0x00,0x00,0x00,
  0x18,0x00,0x00,0x00,0x18,0x00,0x00,0x00,0x1C,0x00,0x00,0x00,0x0F,0xC0,0x00,0x00,
  0x00,0x60,0x00,0x3F,0xC0,0x60,0x00,0x20,0x40,0x60,0x00,0x20,0x41,0xE0,0x00,0x20,
  0x41,0x80,0x00,0x20,0x43,0x00,0x80,0x20,0x42,0x04,0x20,0x20,0x46,0x00,0x00,0x20,
  0x46,0x08,0x10,0x20,0x46,0x00,0x00,0x20,0x46,0x00,0x00,0x20,0x46,0x04,0x20,0x20,
  0x42,0xE0,0x80,0x20,0x43,0xE0,0x00,0x3F,0xC1,0xE0,0x00,0x00,0x00,0x00,0x00,0x00,
  0x00,0x00,0x00,0x00,0x3F,0xC0,0x00,0x01,0x00,0x20,0x40,0x60,0x05,0xE0,0x20,0x41,
  0xE0,0x07,0x80,0x20,0x43,0x80,0x01,0x80,0x20,0x43,0x00,0x81,0x80,0x20,0x42,0x04,
  0x21,0x80,0x20,0x46,0x00,0x01,0x80,0x20,0x46,0x08,0x11,0x80,0x20,0x46,0x00,0x01,
  0x80,0x20,0x46,0x00,0x01,0x80,0x20,0x46,0x04,0x21,0x80,0x20,0x42,0xE0,0x81,0x80,
  0x20,0x43,0xE0,0x01,0x80,0x3F,0xC1,0xE0,0x01,0x80,0x00,0x00,0x00,0x00,0x00,0x00,
  0x00,0x03,0x00,0x00,0x00,0x00,0x03,0x00,0x00,0x00,0x00,0x03,0x80,0x00,0x00,0x00,
  0x01,0xFF,0x00,0x00,0x00,0x00,0x01,0x80,0x3F,0xC0,0x00,0x01,0x80,0x20,0x40,0x60,
  0x07,0xE0,0x20,0x41,0xE0,0x01,0x80,0x20,0x43,0x80,0x01,0x80,0x20,0x43,0x00,0x81,
  0x80,0x20,0x42,0x04,0x21,0x80,0x20,0x46,0x00,0x01,0x80,0x20,0x46,0x08,0x11,0x80,
  0x20,0x46,0x00,0x01,0x80,0x20,0x46,0x00,0x01,0x80,0x20,0x46,0x04,0x21,0x80,0x20,
  0x42,0xE0,0x81,0x80,0x20,0x43,0xE0,0x01,0x80,0x3F,0xC1,0xE0,0x01,0x80,0x00,0x00,
  0x00,0x00,0x00,0x00,0x00,0x00,0x00,0x3F,0xC0,0x00,0x80,0x20,0x40,0x02,0xF0,0x20,
  0x40,0x03,0xC0,0x20,0x40,0x00,0xC0,0x20,0x40,0x40,0xC0,0x20,0x42,0x10,0xC0,0x20,
  0x40,0x00,0xC0,0x20,0x44,0x08,0xC0,0x20,0x40,0x00,0xC0,0x20,0x40,0x00,0xC0,0x20,
  0x42,0x10,0xC0,0x20,0x40,0x40,0xC0,0x20,0x40,0x00,0xC0,0x3F,0xC0,0x00,0xC0,0x00,
  0x00,0xFC,0x00,0x00,0x01,0xFF,0x00,0x00,0x07,0x01,0xC0,0x00,0x06,0x00,0x60,0x00,
  0x06,0x00,0x00,0x3F,0xC6,0x00,0x00,0x20,0x4F,0xC0,0x00,0x20,0x43,0x00,0x00,0x20,
  0x43,0x00,0x00,0x20,0x43,0x02,0x00,0x20,0x43,0x10,0x80,0x20,0x43,0x00,0x00,0x20,
  0x43,0x20,0x40,0x20,0x43,0x00,0x00,0x20,0x43,0x00,0x00,0x20,0x43,0x10,0x80,0x20,
  0x43,0x02,0x00,0x20,0x43,0x00,0x00,0x3F,0xC2,0x00,0x00,0x00,0x03,0xF8,0x00,0x00,
  0x0F,0x3E,0x00,0x00,0x0C,0x03,0x00,0x00,0x07,0xF1,0x80,0x00,0x00,0x30,0x80,0x3F,
  0xC0,0x18,0xC0,0x20,0x40,0x03,0xF0,0x20,0x40,0x00,0xC0,0x20,0x40,0x00,0xC0,0x20,
  0x40,0x40,0xC0,0x20,0x42,0x10,0xC0,0x20,0x40,0x00,0xC0,0x20,0x44,0x08,0xC0,0x20,
  0x40,0x00,0xC0,0x20,0x40,0x00,0xC0,0x20,0x42,0x10,0xC0,0x20,0x40,0x40,0xC0,0x20,
  0x40,0x00,0xC0,0x3F,0xC0,0x00,0xC0,0x00,0x00,0x00,0x3F,0xC0,0x00,0x20,0x40,0x00,
  0x20,0x40,0x00,0x20,0x40,0x00,0x20,0x40,0x00,0x20,0x40,0x00,0x20,0x40,0x00,0x20,
  0x40,0x00,0x20,0x40,0x00,0x20,0x40,0x00,0x20,0x40,0x00,0x20,0x40,0x00,0x20,0x40,
  0x00,0x3F,0xC0,0x00,0x00,0x7C,0x00,0x00,0xCE,0x00,0x00,0xDF,0x00,0x00,0x79,0x00,
  0x00,0x00,0x00,0x00,0x00,0x00,0x3F,0xC0,0x00,0x20,0x40,0x00,0x20,0x40,0x00,0x20,
  0x40,0x00,0x20,0x40,0x00,0x20,0x40,0x00,0x20,0x40,0x00,0x20,0x40,0x00,0x20,0x40,
  0x00,0x20,0x40,0x00,0x20,0x40,0x00,0x20,0x40,0x00,0x20,0x40,0x00,0x3F,0xC0,0x00,
  0x00,0x3C,0x00,0x00,0x60,0x00,0x00,0x66,0x00,0x00,0x3F,0x80,0x00,0x00,0x00,0x00,
  0x00,0x3F,0xC0,0x20,0x40,0x20,0x40,0x20,0x40,0x20,0x40,0x20,0x40,0x20,0x40,0x20,
  0x40,0x20,0x40,0x20,0x40,0x20,0x40,0x20,0x40,0x20,0x40,0x3F,0xC0,0x00,0x1C,0x00,
  0x70,0x00,0x60,0x00,0x38,0x00,0x0C,0x00,0x00,0x00,0x00,0x00,0x00,0x3F,0xC0,0x00,
  0x00,0x20,0x40,0x60,0x00,0x20,0x41,0xE0,0x00,0x20,0x43,0x80,0x00,0x20,0x43,0x00,
  0x80,0x20,0x42,0x04,0x20,0x20,0x46,0x00,0x00,0x20,0x46,0x08,0x10,0x20,0x46,0x00,
  0x00,0x20,0x46,0x00,0x00,0x20,0x46,0x04,0x20,0x20,0x42,0xE0,0x80,0x20,0x43,0xE0,
  0x00,0x3F,0xC1,0xE0,0x00,0x00,0x00,0x00,0x00,0x00,0x18,0x00,0x00,0x00,0x18,0x00,
  0x00,0x00,0x1C,0x00,0x00,0x00,0x0F,0xC0,0x00,0x00,0x00,0x60,0x00,0x3F,0xC0,0x60,
  0x00,0x20,0x40,0x60,0x00,0x20,0x41,0xE0,0x00,0x20,0x41,0x80,0x00,0x20,0x43,0x00,
  0x80,0x20,0x42,0x04,0x20,0x20,0x46,0x00,0x00,0x20,0x46,0x08,0x10,0x20,0x46,0x00,
  0x00,0x20,0x46,0x00,0x00,0x20,0x46,0x04,0x20,0x20,0x42,0xE0,0x80,0x20,0x43,0xE0,
  0x00,0x3F,0xC1,0xE0,0x00,0x00,0x00,0x00,0x00,0x00,0x00,0x00,0x00,0x00,0x3F,0xC0,
  0x00,0x01,0x00,0x20,0x40,0x60,0x05,0xE0,0x20,0x41,0xE0,0x07,0x80,0x20,0x43,0x80,
  0x01,0x80,0x20,0x43,0x00,0x81,0x80,0x20,0x42,0x04,0x21,0x80,0x20,0x46,0x00,0x01,
  0x80,0x20,0x46,0x08,0x11,0x80,0x20,0x46,0x00,0x01,0x80,0x20,0x46,0x00,0x01,0x80,
  0x20,0x46,0x04,0x21,0x80,0x20,0x42,0xE0,0x81,0x80,0x20,0x43,0xE0,0x01,0x80,0x3F,
  0xC1,0xE0,0x01,0x80,0x00,0x00,0x00,0x00,0x00,0x00,0x00,0x03,0x00,0x00,0x00,0x00,
  0x03,0x00,0x00,0x00,0x00,0x03,0x80,0x00,0x00,0x00,0x01,0xFF,0x00,0x00,0x00,0x00,
  0x01,0x80,0x3F,0xC0,0x00,0x01,0x80,0x20,0x40,0x60,0x07,0xE0,0x20,0x41,0xE0,0x01,
  0x80,0x20,0x43,0x80,0x01,0x80,0x20,0x43,0x00,0x81,0x80,0x20,0x42,0x04,0x21,0x80,
  0x20,0x46,0x00,0x01,0x80,0x20,0x46,0x08,0x11,0x80,0x20,0x46,0x00,0x01,0x80,0x20,
  0x46,0x00,0x01,0x80,0x20,0x46,0x04,0x21,0x80,0x20,0x42,0xE0,0x81,0x80,0x20,0x43,
  0xE0,0x01,0x80,0x3F,0xC1,0xE0,0x01,0x80,0x00,0x00,0x00,0x00,0x00,0x00,0x00,0x00,
  0x00,0x3F,0xC0,0x00,0x80,0x20,0x40,0x02,0xF0,0x20,0x40,0x03,0xC0,0x20,0x40,0x00,
  0xC0,0x20,0x40,0x40,0xC0,0x20,0x42,0x10,0xC0,0x20,0x40,0x00,0xC0,0x20,0x44,0x08,
  0xC0,0x20,0x40,0x00,0xC0,0x20,0x40,0x00,0xC0,0x20,0x42,0x10,0xC0,0x20,0x40,0x40,
  0xC0,0x20,0x40,0x00,0xC0,0x3F,0xC0,0x00,0xC0,0x00,0x00,0xFC,0x00,0x00,0x01,0xFF,
  0x00,0x00,0x07,0x01,0xC0,0x00,0x06,0x00,0x60,0x00,0x06,0x00,0x00,0x3F,0xC6,0x00,
  0x00,0x20,0x4F,0xC0,0x00,0x20,0x43,0x00,0x00,0x20,0x43,0x00,0x00,0x20,0x43,0x02,
  0x00,0x20,0x43,0x10,0x80,0x20,0x43,0x00,0x00,0x20,0x43,0x20,0x40,0x20,0x43,0x00,
  0x00,0x20,0x43,0x00,0x00,0x20,0x43,0x10,0x80,0x20,0x43,0x02,0x00,0x20,0x43,0x00,
  0x00,0x3F,0xC2,0x00,0x00,0x00,0x03,0xF8,0x00,0x00,0x0F,0x3E,0x00,0x00,0x0C,0x03,
  0x00,0x00,0x07,0xF1,0x80,0x00,0x00,0x30,0x80,0x3F,0xC0,0x18,0xC0,0x20,0x40,0x03,
  0xF0,0x20,0x40,0x00,0xC0,0x20,0x40,0x00,0xC0,0x20,0x40,0x40,0xC0,0x20,0x42,0x10,
  0xC0,0x20,0x40,0x00,0xC0,0x20,0x44,0x08,0xC0,0x20,0x40,0x00,0xC0,0x20,0x40,0x00,
  0xC0,0x20,0x42,0x10,0xC0,0x20,0x40,0x40,0xC0,0x20,0x40,0x00,0xC0,0x3F,0xC0,0x00,
  0xC0,0x00,0x00,0x00,0x3F,0xC0,0x00,0x20,0x40,0x00,0x20,0x40,0x00,0x20,0x40,0x00,
  0x20,0x40,0x00,0x20,0x40,0x00,0x20,0x40,0x00,0x20,0x40,0x00,0x20,0x40,0x00,0x20,
  0x40,0x00,0x20,0x40,0x00,0x20,0x40,0x00,0x20,0x40,0x00,0x3F,0xC0,0x00,0x00,0x7C,
  0x00,0x00,0xCE,0x00,0x00,0xDF,0x00,0x00,0x79,0x00,0x00,0x00,0x00,0x00,0x00,0x00,
  0x3F,0xC0,0x00,0x20,0x40,0x00,0x20,0x40,0x00,0x20,0x40,0x00,0x20,0x40,0x00,0x20,
  0x40,0x00,0x20,0x40,0x00,0x20,0x40,0x00,0x20,0x40,0x00,0x20,0x40,0x00,0x20,0x40,
  0x00,0x20,0x40,0x00,0x20,0x40,0x00,0x3F,0xC0,0x00,0x00,0x3C,0x00,0x00,0x60,0x00,
  0x00,0x66,0x00,0x00,0x3F,0x80,0x00,0x00,0x00,0x00,0x00,0x3F,0xC0,0x20,0x40,0x20,
  0x40,0x20,0x40,0x20,0x40,0x20,0x40,0x20,0x40,0x20,0x40,0x20,0x40,0x20,0x40,0x20,
  0x40,0x20,0x40,0x20,0x40,0x3F,0xC0,0x00,0x1C,0x00,0x70,0x00,0x60,0x00,0x38,0x00,
  0x0C,0x00,0x00,0x00,0x00,0x00,0x00,0x3F,0xC0,0x00,0x00,0x20,0x40,0x60,0x00,0x20,
  0x41,0xE0,0x00,0x20,0x43,0x80,0x00,0x20,0x43,0x00,0x80,0x20,0x42,0x04,0x20,0x20,
  0x46,0x00,0x00,0x20,0x46,0x08,0x10,0x20,0x46,0x00,0x00,0x20,0x46,0x00,0x00,0x20,
  0x46,0x04,0x20,0x20,0x42,0xE0,0x80,0x20,0x43,0xE0,0x00,0x3F,0xC1,0xE0,0x00,0x00,
  0x00,0x00,0x00,0x00,0x18,0x00,0x00,0x00,0x18,0x00,0x00,0x00,0x1C,0x00,0x00,0x00,
  0x0F,0xC0,0x00,0x00,0x00,0x60,0x00,0x3F,0xC0,0x60,0x00,0x20,0x40,0x60,0x00,0x20,
  0x41,0xE0,0x00,0x20,0x41,0x80,0x00,0x20,0x43,0x00,0x80,0x20,0x42,0x04,0x20,0x20,
  0x46,0x00,0x00,0x20,0x46,0x08,0x10,0x20,0x46,0x00,0x00,0x20,0x46,0x00,0x00,0x20,
  0x46,0x04,0x20,0x20,0x42,0xE0,0x80,0x20,0x43,0xE0,0x00,0x3F,0xC1,0xE0,0x00,0x00,
  0x00,0x00,0x00,0x00,0x00,0x00,0x00,0x00,0x3F,0xC0,0x00,0x01,0x00,0x20,0x40,0x60,
  0x05,0xE0,0x20,0x41,0xE0,0x07,0x80,0x20,0x43,0x80,0x01,0x80,0x20,0x43,0x00,0x81,
  0x80,0x20,0x42,0x04,0x21,0x80,0x20,0x46,0x00,0x01,0x80,0x20,0x46,0x08,0x11,0x80,
  0x20,0x46,0x00,0x01,0x80,0x20,0x46,0x00,0x01,0x80,0x20,0x46,0x04,0x21,0x80,0x20,
  0x42,0xE0,0x81,0x80,0x20,0x43,0xE0,0x01,0x80,0x3F,0xC1,0xE0,0x01,0x80,0x00,0x00,
  0x00,0x00,0x00,0x00,0x00,0x03,0x00,0x00,0x00,0x00,0x03,0x00,0x00,0x00,0x00,0x03,
  0x80,0x00,0x00,0x00,0x01,0xFF,0x00,0x00,0x00,0x00,0x01,0x80,0x3F,0xC0,0x00,0x01,
  0x80,0x20,0x40,0x60,0x07,0xE0,0x20,0x41,0xE0,0x01,0x80,0x20,0x43,0x80,0x01,0x80,
  0x20,0x43,0x00,0x81,0x80,0x20,0x42,0x04,0x21,0x80,0x20,0x46,0x00,0x01,0x80,0x20,
  0x46,0x08,0x11,0x80,0x20,0x46,0x00,0x01,0x80,0x20,0x46,0x00,0x01,0x80,0x20,0x46,
  0x04,0x21,0x80,0x20,0x42,0xE0,0x81,0x80,0x20,0x43,0xE0,0x01,0x80,0x3F,0xC1,0xE0,
  0x01,0x80,0x00,0x00,0x00,0x00,0x00,0x00,0x00,0x80,0x77,0xBE,0xF0,0xFF,0xF7,0xC0,
  0x0C,0x30,0xC0,0x1E,0x30,0xC0,0x3F,0x30,0xC0,0x3F,0x30,0xC0,0x3F,0x30,0xC0,0x36,
  0x30,0xC0,0x00,0x30,0xC0,0x00,0x30,0xC0,0x00,0x30,0xC0,0x00,0x30,0xC0,0x00,0x30,
  0xC0,0x00,0x10,0x00,0x0F,0xC0,0x00,0x1F,0xF8,0x00,0x30,0x0C,0x00,0x60,0x06,0x00,
  0x60,0x00,0x00,0x60,0x00,0x00,0xFF,0xBD,0xE0,0x37,0xFF,0x80,0x30,0x61,0x80,0x30,
  0xF1,0x80,0x31,0xF9,0x80,0x31,0xF9,0x80,0x31,0xF9,0x80,0x31,0xB1,0x80,0x30,0x01,
  0x80,0x30,0x01,0x80,0x30,0x01,0x80,0x30,0x01,0x80,0x20,0x01,0x80,0x00,0x00,0x80,
  0x03,0xF8,0x00,0x0F,0x3E,0x00,0x0C,0x03,0x00,0x07,0xF1,0x80,0x00,0x30,0x80,0x00,
  0x18,0xC0,0x77,0xBF,0xF0,0xFF,0xF2,0xC0,0x0C,0x30,0xC0,0x1E,0x30,0xC0,0x3F,0x30,
  0xC0,0x3F,0x30,0xC0,0x3F,0x30,0xC0,0x36,0x30,0xC0,0x00,0x30,0xC0,0x00,0x30,0xC0,
  0x00,0x30,0xC0,0x00,0x30,0xC0,0x00,0x30,0xC0,0x00,0x10,0x00,0x1D,0xC8,0x1F,0xFC,
  0x47,0xB4,0x6F,0x86,0x6F,0x84,0x20,0x3C,0x30,0x7C,0x10,0x0C,0x18,0x0C,0x0C,0x0C,
  0x07,0xF8,0x01,0xF0,0x00,0x00,0x00,0x00,0x77,0xBC,0xFF,0xF0,0x0C,0x30,0x1E,0x30,
  0x3F,0x30,0x3F,0x30,0x3F,0x30,0x36,0x30,0x00,0x30,0x00,0x30,0x00,0x30,0x00,0x30,
  0x00,0x30,0x00,0xF0,0x01,0x80,0x01,0x98,0x00,0xFE,0x00,0x00,0x00,0x00,0x77,0xBC,
  0xFF,0xF0,0x0C,0x30,0x1E,0x30,0x3F,0x30,0x3F,0x30,0x3F,0x30,0x36,0x30,0x00,0x30,
  0x00,0x30,0x00,0x30,0x00,0x30,0x00,0x30,0x00,0x70,0x01,0xC0,0x01,0x80,0x00,0xE0,
  0x00,0x30,0x00,0x00,0x00,0x00,0x00,0x0F,0xDE,0xF0,0x1F,0xFF,0xC0,0x30,0x30,0xC0,
  0x30,0x78,0xC0,0x60,0xFC,0xC0,0x60,0xFC,0xC0,0x60,0xFC,0xC0,0x60,0xD8,0xC0,0x60,
  0x00,0xC0,0x60,0x00,0xC0,0x37,0x00,0xC0,0x3F,0x00,0xC0,0x1E,0x00,0xC0,0x00,0x00,
  0x40,0xC0,0x00,0x00,0xC0,0x00,0x00,0xE0,0x00,0x00,0x7E,0x00,0x00,0x06,0x00,0x00,
  0x03,0x00,0x00,0x07,0xEF,0x78,0x0F,0xFF,0xE0,0x18,0x18,0x60,0x18,0x3C,0x60,0x30,
  0x7E,0x60,0x30,0x7E,0x60,0x30,0x7E,0x60,0x30,0x6C,0x60,0x30,0x00,0x60,0x30,0x00,
  0x60,0x13,0x80,0x60,0x1F,0x80,0x60,0x0F,0x00,0x60,0x00,0x00,0x20,0x00,0x00,0x02,
  0x00,0x0F,0xDE,0xFB,0xC0,0x1F,0xFF,0xDF,0x00,0x30,0x30,0xC3,0x00,0x30,0x78,0xC3,
  0x00,0x60,0xFC,0xC3,0x00,0x60,0xFC,0xC3,0x00,0x60,0xFC,0xC3,0x00,0x60,0xD8,0xC3,
  0x00,0x60,0x00,0xC3,0x00,0x60,0x00,0xC3,0x00,0x37,0x00,0xC3,0x00,0x3F,0x00,0xC3,
  0x00,0x1E,0x00,0xC3,0x00,0x00,0x00,0x40,0x00,0x00,0x06,0x00,0x00,0x00,0x06,0x00,
  0x00,0x00,0x07,0x00,0x00,0x00,0x03,0xFE,0x00,0x00,0x00,0x03,0x00,0x00,0x00,0x03,
  0x00,0x0F,0xDE,0xFF,0xC0,0x1F,0xFF,0xCB,0x00,0x30,0x30,0xC3,0x00,0x30,0x78,0xC3,
  0x00,0x60,0xFC,0xC3,0x00,0x60,0xFC,0xC3,0x00,0x60,0xFC,0xC3,0x00,0x60,0xD8,0xC3,
  0x00,0x60,0x00,0xC3,0x00,0x60,0x00,0xC3,0x00,0x37,0x00,0xC3,0x00,0x3F,0x00,0xC3,
  0x00,0x1E,0x00,0xC3,0x00,0x00,0x00,0x40,0x00,0x00,0x01,0x00,0xFF,0xFD,0xE0,0x70,
  0x6F,0x80,0x38,0x61,0x80,0x0E,0x61,0x80,0x07,0x61,0x80,0x0F,0xE1,0x80,0x38,0xE1,
  0x80,0x30,0x61,0x80,0x3C,0x61,0x80,0x07,0x61,0x80,0x01,0xE1,0x80,0x00,0xE1,0x80,
  0x00,0x61,0x80,0x0F,0xC0,0x00,0x1F,0xF0,0x00,0x70,0x1C,0x00,0x60,0x06,0x00,0x60,
  0x00,0x00,0x60,0x00,0x00,0xFF,0xFF,0xC0,0x37,0x83,0x00,0x31,0xC3,0x00,0x30,0x73,
  0x00,0x30,0x3B,0x00,0x30,0x7F,0x00,0x31,0xC7,0x00,0x31,0x83,0x00,0x31,0xE3,0x00,
  0x30,0x3B,0x00,0x30,0x0F,0x00,0x30,0x07,0x00,0x20,0x03,0x00,0x07,0xF0,0x00,0x1E,
  0x7C,0x00,0x18,0x06,0x00,0x0F,0xE3,0x00,0x00,0x61,0x00,0x00,0x31,0x80,0xFF,0xFF,
  0xE0,0x70,0x61,0x80,0x38,0x61,0x80,0x0E,0x61,0x80,0x07,0x61,0x80,0x0F,0xE1,0x80,
  0x38,0xE1,0x80,0x30,0x61,0x80,0x3C,0x61,0x80,0x07,0x61,0x80,0x01,0xE1,0x80,0x00,
  0xE1,0x80,0x00,0x61,0x80,0xFF,0xF8,0x70,0x60,0x38,0x60,0x0E,0x60,0x07,0x60,0x0F,
  0xE0,0x38,0xE0,0x30,0x60,0x3C,0x60,0x07,0x60,0x01,0xE0,0x00,0xE0,0x00,0x60,0x03,
  0xE0,0x06,0x70,0x06,0xF8,0x03,0xC8,0x00,0x00,0xFF,0xF8,0x70,0x60,0x38,0x60,0x0E,
  0x60,0x07,0x60,0x0F,0xE0,0x38,0xE0,0x30,0x60,0x3C,0x60,0x07,0x60,0x01,0xE0,0x00,
  0xE0,0x00,0x60,0x01,0xE0,0x03,0x00,0x03,0x30,0x01,0xFC,0x00,0x00,0xFF,0xF8,0x70,
  0x60,0x38,0x60,0x0E,0x60,0x07,0x60,0x0F,0xE0,0x38,0xE0,0x30,0x60,0x3C,0x60,0x07,
  0x60,0x01,0xE0,0x00,0xE0,0x00,0x60,0x00,0xE0,0x03,0x80,0x03,0x00,0x01,0xC0,0x00,
  0x60,0x00,0x00,0x07,0xFF,0xF0,0x1E,0xE0,0xC0,0x38,0x70,0xC0,0x30,0x1C,0xC0,0x20,
  0x0E,0xC0,0x60,0x1F,0xC0,0x60,0x71,0xC0,0x60,0x60,0xC0,0x60,0x78,0xC0,0x60,0x0E,
  0xC0,0x2E,0x03,0xC0,0x3E,0x01,0xC0,0x1E,0x00,0xC0,0x00,0x00,0x00,0xC0,0x00,0x00,
  0xC0,0x00,0x00,0xE0,0x00,0x00,0x7E,0x00,0x00,0x03,0x00,0x00,0x03,0x00,0x00,0x03,
  0xFF,0xF8,0x0F,0xF0,0x60,0x0C,0x38,0x60,0x18,0x0E,0x60,0x10,0x07,0x60,0x30,0x0F,
  0xE0,0x30,0x38,0xE0,0x30,0x30,0x60,0x30,0x3C,0x60,0x30,0x07,0x60,0x17,0x01,0xE0,
  0x1F,0x00,0xE0,0x0F,0x00,0x60,0x00,0x00,0x00,0x00,0x00,0x02,0x00,0x07,0xFF,0xFB,
  0xC0,0x1E,0xE0,0xDF,0x00,0x38,0x70,0xC3,0x00,0x30,0x1C,0xC3,0x00,0x20,0x0E,0xC3,
  0x00,0x60,0x1F,0xC3,0x00,0x60,0x71,0xC3,0x00,0x60,0x60,0xC3,0x00,0x60,0x78,0xC3,
  0x00,0x60,0x0E,0xC3,0x00,0x2E,0x03,0xC3,0x00,0x3E,0x01,0xC3,0x00,0x1E,0x00,0xC3,
  0x00,0x00,0x00,0x00,0x00,0x00,0x06,0x00,0x00,0x00,0x06,0x00,0x00,0x00,0x07,0x00,
  0x00,0x00,0x03,0xFE,0x00,0x00,0x00,0x03,0x00,0x00,0x00,0x03,0x00,0x07,0xFF,0xFF,
  0xC0,0x1E,0xE0,0xC3,0x00,0x38,0x70,0xC3,0x00,0x30,0x1C,0xC3,0x00,0x20,0x0E,0xC3,
  0x00,0x60,0x1F,0xC3,0x00,0x60,0x71,0xC3,0x00,0x60,0x60,0xC3,0x00,0x60,0x78,0xC3,
  0x00,0x60,0x0E,0xC3,0x00,0x2E,0x03,0xC3,0x00,0x3E,0x01,0xC3,0x00,0x1E,0x00,0xC3,
  0x00,0x00,0x00,0x00,0x00,0x00,0x02,0x00,0xFF,0xFB,0xC0,0x70,0x7F,0x00,0x70,0x63,
  0x00,0x18,0x63,0x00,0x0F,0xE3,0x00,0x07,0x63,0x00,0x06,0x63,0x00,0x04,0x63,0x00,
  0x6C,0x63,0x00,0x38,0x63,0x00,0x00,0x63,0x00,0x00,0x63,0x00,0x00,0x63,0x00,0x0F,
  0xC0,0x00,0x1F,0xF8,0x00,0x30,0x0C,0x00,0x60,0x06,0x00,0x60,0x00,0x00,0x60,0x00,
  0x00,0xFF,0xFF,0xC0,0x37,0x83,0x00,0x33,0x83,0x00,0x30,0xC3,0x00,0x30,0x7F,0x00,
  0x30,0x3B,0x00,0x30,0x33,0x00,0x30,0x23,0x00,0x33,0x63,0x00,0x31,0xC3,0x00,0x30,
  0x03,0x00,0x30,0x03,0x00,0x20,0x03,0x00,0x0F,0xE0,0x00,0x3C,0xF8,0x00,0x30,0x0C,
  0x00,0x1F,0xC6,0x00,0x00,0xC2,0x00,0x00,0x63,0x00,0xFF,0xFF,0xC0,0x70,0x6B,0x00,
  0x70,0x63,0x00,0x18,0x63,0x00,0x0F,0xE3,0x00,0x07,0x63,0x00,0x06,0x63,0x00,0x04,
  0x63,0x00,0x6C,0x63,0x00,0x38,0x63,0x00,0x00,0x63,0x00,0x00,0x63,0x00,0x00,0x63,
  0x00,0xFF,0xF8,0x70,0x60,0x70,0x60,0x18,0x60,0x0F,0xE0,0x07,0x60,0x06,0x60,0x04,
  0x60,0x6C,0x60,0x38,0x60,0x00,0x60,0x00,0x60,0x00,0x60,0x03,0xE0,0x06,0x70,0x06,
  0xF8,0x03,0xC8,0x00,0x00,0xFF,0xF8,0x70,0x60,0x70,0x60,0x18,0x60,0x0F,0xE0,0x07,
  0x60,0x06,0x60,0x04,0x60,0x6C,0x60,0x38,0x60,0x00,0x60,0x00,0x60,0x00,0x60,0x01,
  0xE0,0x03,0x00,0x03,0x30,0x01,0xFC,0x00,0x00,0xFF,0xF8,0x70,0x60,0x70,0x60,0x18,
  0x60,0x0F,0xE0,0x07,0x60,0x06,0x60,0x04,0x60,0x6C,0x60,0x38,0x60,0x00,0x60,0x00,
  0x60,0x00,0x60,0x00,0xE0,0x03,0x80,0x03,0x00,0x01,0xC0,0x00,0x60,0x00,0x00,0x07,
  0xFF,0xF0,0x1E,0xE0,0xC0,0x38,0xE0,0xC0,0x30,0x30,0xC0,0x20,0x1F,0xC0,0x60,0x0E,
  0xC0,0x60,0x0C,0xC0,0x60,0x08,0xC0,0x60,0xD8,0xC0,0x60,0x70,0xC0,0x2E,0x00,0xC0,
  0x3E,0x00,0xC0,0x1E,0x00,0xC0,0x00,0x00,0x00,0xC0,0x00,0x00,0xC0,0x00,0x00,0xE0,
  0x00,0x00,0x7E,0x00,0x00,0x03,0x00,0x00,0x03,0x00,0x00,0x03,0xFF,0xF8,0x0F,0xF0,
  0x60,0x0C,0x70,0x60,0x18,0x18,0x60,0x10,0x0F,0xE0,0x30,0x07,0x60,0x30,0x06,0x60,
  0x30,0x04,0x60,0x30,0x6C,0x60,0x30,0x38,0x60,0x17,0x00,0x60,0x1F,0x00,0x60,0x0F,
  0x00,0x60,0x00,0x00,0x00,0x00,0x00,0x02,0x00,0x07,0xFF,0xFB,0xC0,0x1E,0xE0,0xDF,
  0x00,0x38,0xE0,0xC3,0x00,0x30,0x30,0xC3,0x00,0x20,0x1F,0xC3,0x00,0x60,0x0E,0xC3,
  0x00,0x60,0x0C,0xC3,0x00,0x60,0x08,0xC3,0x00,0x60,0xD8,0xC3,0x00,0x60,0x70,0xC3,
  0x00,0x2E,0x00,0xC3,0x00,0x3E,0x00,0xC3,0x00,0x1E,0x00,0xC3,0x00,0x00,0x00,0x00,
  0x00,0x00,0x06,0x00,0x00,0x00,0x06,0x00,0x00,0x00,0x07,0x00,0x00,0x00,0x03,0xFE,
  0x00,0x00,0x00,0x03,0x00,0x00,0x00,0x03,0x00,0x07,0xFF,0xFF,0xC0,0x1E,0xE0,0xC3,
  0x00,0x38,0xE0,0xC3,0x00,0x30,0x30,0xC3,0x00,0x20,0x1F,0xC3,0x00,0x60,0x0E,0xC3,
  0x00,0x60,0x0C,0xC3,0x00,0x60,0x08,0xC3,0x00,0x60,0xD8,0xC3,0x00,0x60,0x70,0xC3,
  0x00,0x2E,0x00,0xC3,0x00,0x3E,0x00,0xC3,0x00,0x1E,0x00,0xC3,0x00,0x00,0x00,0x00,
  0x00,0x00,0x04,0x00,0xFF,0xF7,0x80,0x78,0x3E,0x00,0x18,0x06,0x00,0x1F,0x06,0x00,
  0x39,0x86,0x00,0x38,0x86,0x00,0x00,0xC6,0x00,0x00,0x86,0x00,0x03,0x86,0x00,0x7F,
  0x06,0x00,0x0E,0x06,0x00,0x03,0x06,0x00,0x00,0xC6,0x00,0x00,0x60,0x00,0x00,0x00,
  0x00,0x0F,0xC0,0x3F,0xF0,0x70,0x18,0x60,0x0C,0x60,0x00,0x60,0x00,0xFF,0xFF,0x37,
  0xC0,0x30,0xC0,0x30,0xF8,0x31,0xCC,0x31,0xC4,0x30,0x06,0x30,0x04,0x30,0x1C,0x33,
  0xF8,0x30,0x70,0x30,0x18,0x20,0x06,0x00,0x03,0x00,0x00,0x1F,0xC0,0x00,0x79,0xF0,
  0x00,0x60,0x18,0x00,0x3F,0x8C,0x00,0x01,0x84,0x00,0x00,0xC6,0x00,0xFF,0xFF,0x80,
  0x78,0x06,0x00,0x18,0x06,0x00,0x1F,0x06,0x00,0x39,0x86,0x00,0x38,0x86,0x00,0x00,
  0xC6,0x00,0x00,0x86,0x00,0x03,0x86,0x00,0x7F,0x06,0x00,0x0E,0x06,0x00,0x03,0x06,
  0x00,0x00,0xC6,0x00,0x00,0x60,0x00,0x00,0x00,0x00,0xFF,0xF0,0x00,0x00,0x00,0x00,
  0x39,0x80,0x6F,0xC0,0x66,0xC0,0x76,0xC0,0x30,0xC0,0x21,0x80,0x3F,0x00,0x1E,0x00,
  0x03,0x80,0x00,0xC0,0x00,0x30,0x00,0x00,0xFF,0xE0,0x78,0x00,0x18,0x00,0x1F,0x00,
  0x39,0x80,0x38,0x80,0x00,0xC0,0x00,0x80,0x03,0x80,0x7F,0x00,0x0E,0x00,0x07,0x00,
  0x1E,0xC0,0x30,0x60,0x33,0x00,0x1F,0xC0,0x00,0x00,0xFF,0xF8,0x78,0x60,0x18,0x00,
  0x1F,0x00,0x39,0xF8,0x38,0xF8,0x00,0xD8,0x00,0x98,0x03,0x98,0x7F,0x18,0x0E,0x18,
  0x03,0x18,0x00,0xC0,0x00,0x60,0x00,0x00,0x07,0xFF,0xC0,0x1E,0xF0,0x00,0x38,0x30,
  0x00,0x30,0x3E,0x00,0x20,0x73,0x00,0x60,0x71,0x00,0x60,0x01,0x80,0x60,0x01,0x00,
  0x60,0x07,0x00,0x60,0xFE,0x00,0x2E,0x1C,0x00,0x3E,0x06,0x00,0x1E,0x01,0x80,0x00,
  0x00,0xC0,0x00,0x00,0x00,0xC0,0x00,0x00,0xC0,0x00,0x00,0xE0,0x00,0x00,0x7E,0x00,
  0x00,0x03,0x00,0x00,0x03,0x00,0x00,0x03,0xFF,0xE0,0x0F,0xF8,0x00,0x0C,0x18,0x00,
  0x18,0x1F,0x00,0x10,0x39,0x80,0x30,0x38,0x80,0x30,0x00,0xC0,0x30,0x00,0x80,0x30,
  0x03,0x80,0x30,0x7F,0x00,0x17,0x0E,0x00,0x1F,0x03,0x00,0x0F,0x00,0xC0,0x00,0x00,
  0x60,0x00,0x00,0x00,0x00,0x00,0x08,0x07,0xFF,0xEF,0x1E,0xF0,0x7C,0x38,0x30,0x0C,
  0x30,0x3E,0x0C,0x20,0x73,0x0C,0x60,0x71,0x0C,0x60,0x01,0x8C,0x60,0x01,0x0C,0x60,
  0x07,0x0C,0x60,0xFE,0x0C,0x2E,0x1C,0x0C,0x3E,0x06,0x0C,0x1E,0x01,0x8C,0x00,0x00,
  0xC0,0x00,0x00,0x00,0x00,0x18,0x00,0x00,0x18,0x00,0x00,0x1C,0x00,0x00,0x0F,0xF8,
  0x00,0x00,0x0C,0x00,0x00,0x0C,0x07,0xFF,0xFF,0x1E,0xF0,0x0C,0x38,0x30,0x0C,0x30,
  0x3E,0x0C,0x20,0x73,0x0C,0x60,0x71,0x0C,0x60,0x01,0x8C,0x60,0x01,0x0C,0x60,0x07,
  0x0C,0x60,0xFE,0x0C,0x2E,0x1C,0x0C,0x3E,0x06,0x0C,0x1E,0x01,0x8C,0x00,0x00,0xC0,
  0x00,0x00,0x00,0x00,0x00,0x80,0xFF,0xFE,0xF0,0x03,0x07,0xC0,0x03,0x00,0xC0,0x63,
  0x00,0xC0,0x63,0x18,0xC0,0x23,0x38,0xC0,0x33,0x68,0xC0,0x31,0xCC,0xC0,0x18,0x0C,
  0xC0,0x0C,0x18,0xC0,0x07,0xF8,0xC0,0x03,0xE0,0xC0,0x00,0x00,0xC0,0x01,0x80,0x00,
  0x01,0x80,0x00,0x01,0x80,0x00,0x07,0xE0,0x00,0x1F,0xF8,0x00,0x30,0x0E,0x00,0x60,
  0x03,0x00,0x60,0x00,0x00,0x60,0x00,0x00,0xFF,0xFF,0xF0,0x34,0x18,0x00,0x30,0x18,
  0x00,0x33,0x18,0x00,0x33,0x18,0xC0,0x31,0x19,0xC0,0x31,0x9B,0x40,0x31,0x8E,0x60,
  0x30,0xC0,0x60,0x30,0x60,0xC0,0x30,0x3F,0xC0,0x30,0x1F,0x00,0x30,0x00,0x00,0x00,
  0x0C,0x00,0x00,0x0C,0x00,0x00,0x0C,0x00,0x03,0xF8,0x00,0x0F,0x3E,0x00,0x0C,0x03,
  0x00,0x07,0xF1,0x80,0x00,0x30,0x80,0x00,0x18,0xC0,0xFF,0xFF,0xF0,0x03,0x02,0xC0,
  0x03,0x00,0xC0,0x63,0x00,0xC0,0x63,0x18,0xC0,0x23,0x38,0xC0,0x33,0x68,0xC0,0x31,
  0xCC,0xC0,0x18,0x0C,0xC0,0x0C,0x18,0xC0,0x07,0xF8,0xC0,0x03,0xE0,0xC0,0x00,0x00,
  0xC0,0x01,0x80,0x00,0x01,0x80,0x00,0x01,0x80,0x00,0xFF,0xFE,0x03,0x00,0x03,0x00,
  0x63,0x00,0x63,0x18,0x23,0x38,0x33,0x68,0x31,0xCC,0x18,0x0C,0x0C,0x18,0x07,0xF8,
  0x07,0xE0,0x0C,0xE0,0x0D,0xF0,0x0D,0x90,0x07,0x80,0x00,0x00,0xFF,0xFE,0x03,0x00,
  0x03,0x00,0x63,0x00,0x63,0x18,0x23,0x38,0x33,0x68,0x31,0xCC,0x18,0x0C,0x0C,0x18,
  0x07,0xF8,0x03,0xE0,0x06,0x00,0x07,0xA0,0x07,0xF8,0x03,0xC0,0x00,0x00,0xFF,0xFE,
  0x00,0x03,0x00,0x00,0x03,0x00,0x00,0x63,0x00,0x00,0x63,0x18,0x00,0x23,0x38,0x00,
  0x33,0x68,0x00,0x31,0xCC,0x00,0x18,0x0C,0x00,0x0C,0x18,0x00,0x07,0xF8,0x00,0x03,
  0xE3,0xC0,0x00,0x07,0x00,0x01,0x87,0x00,0x01,0x81,0xC0,0x01,0x80,0x40,0x00,0x00,
  0x00,0x07,0xFF,0xFC,0x1E,0x06,0x00,0x38,0x06,0x00,0x30,0xC6,0x00,0x20,0xC6,0x30,
  0x60,0x46,0x70,0x60,0x66,0xD0,0x60,0x63,0x98,0x60,0x30,0x18,0x60,0x18,0x30,0x2E,
  0x0F,0xF0,0x3E,0x07,0xC0,0x1E,0x00,0x00,0x00,0x03,0x00,0x00,0x03,0x00,0x00,0x03,
  0x00,0xC0,0x00,0x00,0xC0,0x00,0x00,0xE0,0x00,0x00,0x7E,0x00,0x00,0x03,0x00,0x00,
  0x03,0x00,0x00,0x03,0xFF,0xFE,0x0F,0x83,0x00,0x0C,0x03,0x00,0x18,0x63,0x00,0x10,
  0x63,0x18,0x30,0x23,0x38,0x30,0x33,0x68,0x30,0x31,0xCC,0x30,0x18,0x0C,0x30,0x0C,
  0x18,0x17,0x07,0xF8,0x1F,0x03,0xE0,0x0F,0x00,0x00,0x00,0x01,0x80,0x00,0x01,0x80,
  0x00,0x01,0x80,0x00,0x00,0x01,0x00,0x07,0xFF,0xFD,0xE0,0x1E,0x06,0x0F,0x80,0x38,
  0x06,0x01,0x80,0x30,0xC6,0x01,0x80,0x20,0xC6,0x31,0x80,0x60,0x46,0x71,0x80,0x60,
  0x66,0xD1,0x80,0x60,0x63,0x99,0x80,0x60,0x30,0x19,0x80,0x60,0x18,0x31,0x80,0x2E,
  0x0F,0xF1,0x80,0x3E,0x07,0xC1,0x80,0x1E,0x00,0x01,0x80,0x00,0x03,0x00,0x00,0x00,
  0x03,0x00,0x00,0x00,0x03,0x00,0x00,0x00,0x03,0x00,0x00,0x00,0x03,0x00,0x00,0x00,
  0x03,0x80,0x00,0x00,0x01,0xFF,0x00,0x00,0x00,0x01,0x80,0x00,0x00,0x01,0x80,0x07,
  0xFF,0xFF,0xE0,0x1E,0x06,0x05,0x80,0x38,0x06,0x01,0x80,0x30,0xC6,0x01,0x80,0x20,
  0xC6,0x31,0x80,0x60,0x46,0x71,0x80,0x60,0x66,0xD1,0x80,0x60,0x63,0x99,0x80,0x60,
  0x30,0x19,0x80,0x60,0x18,0x31,0x80,0x2E,0x0F,0xF1,0x80,0x3E,0x07,0xC1,0x80,0x1E,
  0x00,0x01,0x80,0x00,0x03,0x00,0x00,0x00,0x03,0x00,0x00,0x00,0x03,0x00,0x00,0x00,
  0x04,0x00,0xFF,0xF7,0x80,0x30,0x3E,0x00,0x30,0x06,0x00,0x30,0x06,0x00,0x33,0x86,
  0x00,0x33,0xC6,0x00,0x31,0xC6,0x00,0x30,0xC6,0x00,0x30,0xC6,0x00,0x31,0x86,0x00,
  0x3F,0x06,0x00,0x1E,0x06,0x00,0x00,0x06,0x00,0x0C,0x00,0x00,0x0C,0x00,0x00,0x0C,
  0x00,0x00,0x0F,0xC0,0x3F,0xF0,0x70,0x18,0x60,0x0C,0x60,0x00,0x60,0x00,0xFF,0xFF,
  0x35,0x80,0x31,0x80,0x31,0x80,0x31,0x9C,0x31,0x9E,0x31,0x8E,0x31,0x86,0x31,0x86,
  0x31,0x8C,0x31,0xF8,0x30,0xF0,0x20,0x00,0x00,0x30,0x00,0x30,0x00,0x30,0x1F,0xC0,
  0x00,0x79,0xF0,0x00,0x60,0x18,0x00,0x3F,0x8C,0x00,0x01,0x84,0x00,0x00,0xC6,0x00,
  0xFF,0xFF,0x80,0x30,0x06,0x00,0x30,0x06,0x00,0x30,0x06,0x00,0x33,0x86,0x00,0x33,
  0xC6,0x00,0x31,0xC6,0x00,0x30,0xC6,0x00,0x30,0xC6,0x00,0x31,0x86,0x00,0x3F,0x06,
  0x00,0x1E,0x06,0x00,0x00,0x06,0x00,0x0C,0x00,0x00,0x0C,0x00,0x00,0x0C,0x00,0x00,
  0xFF,0xE0,0x30,0x00,0x30,0x00,0x30,0x00,0x33,0x80,0x33,0xC0,0x31,0xC0,0x30,0xC0,
  0x30,0xC0,0x31,0x80,0x3F,0x00,0x3E,0x00,0x67,0x00,0x6F,0x80,0x6C,0x80,0x3C,0x00,
  0x00,0x00,0xFF,0xE0,0x30,0x00,0x30,0x00,0x30,0x00,0x33,0x80,0x33,0xC0,0x31,0xC0,
  0x30,0xC0,0x30,0xC0,0x31,0x80,0x3F,0x00,0x1E,0x00,0x30,0x00,0x3D,0x00,0x3F,0xC0,
  0x1E,0x00,0x00,0x00,0xFF,0xE0,0x30,0x00,0x30,0x00,0x30,0x00,0x33,0x80,0x33,0xC0,
  0x31,0xC0,0x30,0xC0,0x30,0xC0,0x31,0x80,0x3F,0x00,0x1E,0x1E,0x00,0x38,0x0C,0x38,
  0x0C,0x0E,0x0C,0x02,0x00,0x00,0x07,0xFF,0xC0,0x1E,0x60,0x00,0x38,0x60,0x00,0x30,
  0x60,0x00,0x20,0x67,0x00,0x60,0x67,0x80,0x60,0x63,0x80,0x60,0x61,0x80,0x60,0x61,
  0x80,0x60,0x63,0x00,0x2E,0x7E,0x00,0x3E,0x3C,0x00,0x1E,0x00,0x00,0x00,0x18,0x00,
  0x00,0x18,0x00,0x00,0x18,0x00,0xC0,0x00,0x00,0xC0,0x00,0x00,0xE0,0x00,0x00,0x7E,
  0x00,0x00,0x03,0x00,0x00,0x03,0x00,0x00,0x03,0xFF,0xE0,0x0F,0xB0,0x00,0x0C,0x30,
  0x00,0x18,0x30,0x00,0x10,0x33,0x80,0x30,0x33,0xC0,0x30,0x31,0xC0,0x30,0x30,0xC0,
  0x30,0x30,0xC0,0x30,0x31,0x80,0x17,0x3F,0x00,0x1F,0x1E,0x00,0x0F,0x00,0x00,0x00,
  0x0C,0x00,0x00,0x0C,0x00,0x00,0x0C,0x00,0x00,0x00,0x08,0x07,0xFF,0xEF,0x1E,0x60,
  0x7C,0x38,0x60,0x0C,0x30,0x60,0x0C,0x20,0x67,0x0C,0x60,0x67,0x8C,0x60,0x63,0x8C,
  0x60,0x61,0x8C,0x60,0x61,0x8C,0x60,0x63,0x0C,0x2E,0x7E,0x0C,0x3E,0x3C,0x0C,0x1E,
  0x00,0x0C,0x00,0x18,0x00,0x00,0x18,0x00,0x00,0x18,0x00,0x00,0x18,0x00,0x00,0x18,
  0x00,0x00,0x1C,0x00,0x00,0x0F,0xF8,0x00,0x00,0x0C,0x00,0x00,0x0C,0x07,0xFF,0xFF,
  0x1E,0x60,0x0C,0x38,0x60,0x0C,0x30,0x60,0x0C,0x20,0x67,0x0C,0x60,0x67,0x8C,0x60,
  0x63,0x8C,0x60,0x61,0x8C,0x60,0x61,0x8C,0x60,0x63,0x0C,0x2E,0x7E,0x0C,0x3E,0x3C,
  0x0C,0x1E,0x00,0x0C,0x00,0x18,0x00,0x00,0x18,0x00,0x00,0x18,0x00,0x00,0x01,0x00,
  0xFF,0xFD,0xE0,0x70,0x6F,0x80,0x38,0x61,0x80,0x0C,0x61,0x80,0x06,0x61,0x80,0x0E,
  0x61,0x80,0x38,0x61,0x80,0x30,0x61,0x80,0x3C,0x61,0x80,0x07,0x61,0x80,0x01,0xE1,
  0x80,0x0C,0xE1,0x80,0x0C,0x61,0x80,0x0C,0x00,0x00,0x0F,0xC0,0x00,0x1F,0xF0,0x00,
  0x70,0x1C,0x00,0x60,0x06,0x00,0x60,0x00,0x00,0x60,0x00,0x00,0xFF,0xFF,0xC0,0x37,
  0x83,0x00,0x31,0xC3,0x00,0x30,0x63,0x00,0x30,0x33,0x00,0x30,0x73,0x00,0x31,0xC3,
  0x00,0x31,0x83,0x00,0x31,0xE3,0x00,0x30,0x3B,0x00,0x30,0x0F,0x00,0x30,0x67,0x00,
  0x20,0x63,0x00,0x00,0x60,0x00,0x07,0xF0,0x00,0x1E,0x7C,0x00,0x18,0x06,0x00,0x0F,
  0xE3,0x00,0x00,0x61,0x00,0x00,0x31,0x80,0xFF,0xFF,0xE0,0x70,0x61,0x80,0x38,0x61,
  0x80,0x0C,0x61,0x80,0x06,0x61,0x80,0x0E,0x61,0x80,0x38,0x61,0x80,0x30,0x61,0x80,
  0x3C,0x61,0x80,0x07,0x61,0x80,0x01,0xE1,0x80,0x0C,0xE1,0x80,0x0C,0x61,0x80,0x0C,
  0x00,0x00,0xFF,0xF8,0x70,0x60,0x38,0x60,0x0C,0x60,0x06,0x60,0x0E,0x60,0x38,0x60,
  0x30,0x60,0x3C,0x60,0x07,0x60,0x01,0xE0,0x0C,0xE0,0x0C,0x60,0x0C,0x60,0x00,0x60,
  0x03,0xE0,0x06,0x70,0x06,0x78,0x06,0xC8,0x03,0x80,0x00,0x00,0xFF,0xF8,0x70,0x60,
  0x38,0x60,0x0C,0x60,0x06,0x60,0x0E,0x60,0x38,0x60,0x30,0x60,0x3C,0x60,0x07,0x60,
  0x01,0xE0,0x0C,0xE0,0x0C,0x60,0x0C,0x60,0x00,0x60,0x01,0xE0,0x03,0x00,0x03,0x30,
  0x01,0xF8,0x00,0x00,0xFF,0xF8,0x70,0x60,0x38,0x60,0x0C,0x60,0x06,0x60,0x0E,0x60,
  0x38,0x60,0x30,0x60,0x3C,0x60,0x07,0x60,0x01,0xE0,0x0C,0xE0,0x0C,0x60,0x0C,0xE0,
  0x03,0x80,0x03,0x00,0x01,0xC0,0x00,0x60,0x00,0x00,0x07,0xFF,0xF0,0x1E,0xE0,0xC0,
  0x38,0x70,0xC0,0x30,0x18,0xC0,0x20,0x0C,0xC0,0x60,0x1C,0xC0,0x60,0x70,0xC0,0x60,
  0x60,0xC0,0x60,0x78,0xC0,0x60,0x0E,0xC0,0x2E,0x03,0xC0,0x3E,0x19,0xC0,0x1E,0x18,
  0xC0,0x00,0x18,0x00,0xC0,0x00,0x00,0xC0,0x00,0x00,0xE0,0x00,0x00,0x7E,0x00,0x00,
  0x03,0x00,0x00,0x03,0x00,0x00,0x03,0xFF,0xF8,0x0F,0xF0,0x60,0x0C,0x38,0x60,0x18,
  0x0C,0x60,0x10,0x06,0x60,0x30,0x0E,0x60,0x30,0x38,0x60,0x30,0x30,0x60,0x30,0x3C,
  0x60,0x30,0x07,0x60,0x17,0x01,0xE0,0x1F,0x0C,0xE0,0x0F,0x0C,0x60,0x00,0x0C,0x00,
  0x00,0x00,0x02,0x00,0x07,0xFF,0xFB,0xC0,0x1E,0xE0,0xDF,0x00,0x38,0x70,0xC3,0x00,
  0x30,0x18,0xC3,0x00,0x20,0x0C,0xC3,0x00,0x60,0x1C,0xC3,0x00,0x60,0x70,0xC3,0x00,
  0x60,0x60,0xC3,0x00,0x60,0x78,0xC3,0x00,0x60,0x0E,0xC3,0x00,0x2E,0x03,0xC3,0x00,
  0x3E,0x19,0xC3,0x00,0x1E,0x18,0xC3,0x00,0x00,0x18,0x00,0x00,0x00,0x06,0x00,0x00,
  0x00,0x06,0x00,0x00,0x00,0x07,0x00,0x00,0x00,0x03,0xFE,0x00,0x00,0x00,0x03,0x00,
  0x00,0x00,0x03,0x00,0x07,0xFF,0xFF,0xC0,0x1E,0xE0,0xC3,0x00,0x38,0x70,0xC3,0x00,
  0x30,0x18,0xC3,0x00,0x20,0x0C,0xC3,0x00,0x60,0x1C,0xC3,0x00,0x60,0x70,0xC3,0x00,
  0x60,0x60,0xC3,0x00,0x60,0x78,0xC3,0x00,0x60,0x0E,0xC3,0x00,0x2E,0x03,0xC3,0x00,
  0x3E,0x19,0xC3,0x00,0x1E,0x18,0xC3,0x00,0x00,0x18,0x00,0x00,0x00,0x04,0x00,0x1E,
  0x17,0x80,0x3F,0x1E,0x00,0x71,0x86,0x00,0x71,0x86,0x00,0x7B,0x06,0x00,0x6F,0x06,
  0x00,0x60,0x06,0x00,0x38,0x06,0x00,0x1E,0x06,0x00,0x07,0x06,0x00,0x01,0xC6,0x00,
  0x00,0xC6,0x00,0x00,0x66,0x00,0x00,0x40,0x00,0x0F,0xC0,0x1F,0xF0,0x70,0x1C,0x60,
  0x06,0x60,0x00,0x60,0x00,0xFC,0xF0,0x31,0xF8,0x33,0x8C,0x33,0x8C,0x33,0xD8,0x33,
  0x78,0x33,0x00,0x31,0xC0,0x30,0xF0,0x30,0x38,0x30,0x0E,0x30,0x06,0x20,0x03,0x00,
  0x02,0x1F,0xC0,0x00,0x79,0xF0,0x00,0x60,0x18,0x00,0x3F,0x8C,0x00,0x01,0x84,0x00,
  0x00,0xC6,0x00,0x1E,0x1F,0x80,0x3F,0x06,0x00,0x71,0x86,0x00,0x71,0x86,0x00,0x7B,
  0x06,0x00,0x6F,0x06,0x00,0x60,0x06,0x00,0x38,0x06,0x00,0x1E,0x06,0x00,0x07,0x06,
  0x00,0x01,0xC6,0x00,0x00,0xC6,0x00,0x00,0x66,0x00,0x00,0x40,0x00,0x1E,0x00,0x3F,
  0x00,0x71,0x80,0x71,0x80,0x7B,0x00,0x6F,0x00,0x60,0x00,0x38,0x00,0x1E,0x00,0x07,
  0x00,0x01,0xC0,0x00,0xC0,0x00,0x60,0x00,0xF8,0x01,0x9C,0x01,0xBE,0x00,0xF2,0x00,
  0x00,0x1E,0x00,0x00,0x3F,0x00,0x00,0x71,0x80,0x00,0x71,0x80,0x00,0x7B,0x00,0x00,
  0x6F,0x00,0x00,0x60,0x00,0x00,0x38,0x00,0x00,0x1E,0x00,0x00,0x07,0x00,0x00,0x01,
  0xC0,0x00,0x00,0xC0,0x00,0x00,0x60,0x00,0x00,0x78,0x00,0x00,0xC0,0x00,0x00,0xCC,
  0x00,0x00,0x7F,0x00,0x00,0x00,0x00,0x1E,0x00,0x3F,0x00,0x71,0x80,0x71,0x80,0x7B,
  0x00,0x6F,0x00,0x60,0x00,0x38,0x00,0x1E,0x00,0x07,0x00,0x01,0xC0,0x00,0xC0,0x00,
  0x60,0x00,0x78,0x00,0xE0,0x00,0xC0,0x00,0x70,0x00,0x18,0x00,0x00,0x06,0x3C,0x00,
  0x1E,0x7E,0x00,0x38,0xE3,0x00,0x30,0xE3,0x00,0x20,0xF6,0x00,0x60,0xDE,0x00,0x60,
  0xC0,0x00,0x60,0x70,0x00,0x60,0x3C,0x00,0x60,0x0E,0x00,0x2E,0x03,0x80,0x3E,0x01,
  0x80,0x1E,0x00,0xC0,0x00,0x00,0x80,0xC0,0x00,0x00,0xC0,0x00,0x00,0xE0,0x00,0x00,
  0x7E,0x00,0x00,0x03,0x00,0x00,0x03,0x00,0x00,0x03,0x1E,0x00,0x0F,0x3F,0x00,0x0C,
  0x71,0x80,0x18,0x71,0x80,0x10,0x7B,0x00,0x30,0x6F,0x00,0x30,0x60,0x00,0x30,0x38,
  0x00,0x30,0x1E,0x00,0x30,0x07,0x00,0x17,0x01,0xC0,0x1F,0x00,0xC0,0x0F,0x00,0x60,
  0x00,0x00,0x40,0x00,0x00,0x08,0x06,0x3C,0x2F,0x1E,0x7E,0x3C,0x38,0xE3,0x0C,0x30,
  0xE3,0x0C,0x20,0xF6,0x0C,0x60,0xDE,0x0C,0x60,0xC0,0x0C,0x60,0x70,0x0C,0x60,0x3C,
  0x0C,0x60,0x0E,0x0C,0x2E,0x03,0x8C,0x3E,0x01,0x8C,0x1E,0x00,0xCC,0x00,0x00,0x80,
  0x00,0x18,0x00,0x00,0x18,0x00,0x00,0x1C,0x00,0x00,0x0F,0xF8,0x00,0x00,0x0C,0x00,
  0x00,0x0C,0x06,0x3C,0x3F,0x1E,0x7E,0x0C,0x38,0xE3,0x0C,0x30,0xE3,0x0C,0x20,0xF6,
  0x0C,0x60,0xDE,0x0C,0x60,0xC0,0x0C,0x60,0x70,0x0C,0x60,0x3C,0x0C,0x60,0x0E,0x0C,
  0x2E,0x03,0x8C,0x3E,0x01,0x8C,0x1E,0x00,0xCC,0x00,0x00,0x80,
};

const uint16_t bnClusterOffset[410] PROGMEM = {
  0,42,99,156,210,264,321,363,443,503,583,628,688,748,786,824,864,909,969,1029,
  1109,1151,1208,1265,1291,1329,1369,1414,1474,1534,1614,1656,1713,1770,1806,1842,1880,1922,1982,2042,
  2122,2164,2221,2278,2318,2356,2394,2436,2496,2556,2636,2678,2716,2773,2811,2847,2883,2925,2985,3030,
  3090,3138,3201,3264,3302,3338,3374,3419,3482,3546,3630,3675,3735,3795,3849,3903,3960,4016,4096,4156,
  4236,4278,4335,4392,4449,4506,4566,4611,4671,4731,4811,4867,4943,5019,5073,5127,5184,5240,5320,5395,
  5495,5552,5590,5628,5678,5726,5774,5834,5894,5954,6034,6094,6134,6197,6249,6299,6349,6409,6469,6529,
  6589,6631,6688,6745,6783,6819,6855,6897,6957,7017,7097,7139,7177,7234,7272,7308,7344,7386,7446,7491,
  7551,7593,7650,7707,7745,7783,7823,7868,7928,7988,8068,8110,8167,8224,8262,8298,8334,8376,8436,8496,
  8576,8621,8681,8741,8779,8817,8857,8902,8962,9022,9102,9147,9187,9247,9283,9319,9357,9399,9459,9504,
  9564,9606,9663,9720,9756,9792,9830,9872,9932,9992,10072,10114,10171,10228,10264,10300,10338,10380,10440,10500,
  10580,10640,10716,10792,10852,10912,10954,11018,11098,11178,11278,11323,11383,11443,11500,11557,11597,11642,11702,11762,
  11842,11884,11941,11998,12052,12106,12163,12205,12285,12345,12425,12467,12524,12581,12617,12653,12691,12733,12793,12853,
  12933,12975,13032,13089,13127,13163,13199,13241,13301,13361,13441,13483,13540,13597,13633,13669,13707,13749,13809,13869,
  13949,13991,14048,14105,14141,14177,14215,14257,14317,14377,14457,14499,14556,14613,14639,14665,14703,14745,14805,14865,
  14945,15005,15081,15157,15217,15277,15319,15383,15463,15543,15643,15685,15742,15799,15835,15889,15927,15969,16029,16089,
  16169,16229,16305,16381,16441,16501,16543,16607,16687,16767,16867,16927,17003,17079,17139,17199,17241,17305,17385,17465,
  17565,17625,17701,17777,17837,17897,17939,18003,18083,18163,18263,18308,18368,18428,18454,18492,18532,18577,18637,18697,
  18777,18819,18876,18933,18969,19005,19043,19085,19145,19205,19285,19327,19384,19441,19477,19513,19551,19593,19653,19713,
  19793,19841,19883,19946,19976,20010,20040,20085,20148,20196,20259,20310,20376,20442,20476,20510,20561,20609,20675,20743,
  20831,20882,20926,20992,21026,21060,21094,21142,21208,21259,21325,21370,21430,21490,21532,21572,21610,21652,21712,21772,
  21852,21897,21937,21997,22033,22087,22125,22167,22227,22272,
};

const uint8_t bnClusterW[410] PROGMEM = {
  22,22,22,17,17,17,24,25,29,29,19,19,19,15,16,14,20,21,26,26,
  19,18,19,15,15,13,19,20,25,25,18,18,18,14,15,13,20,21,26,26,
  20,20,20,14,14,14,22,23,28,28,17,16,17,11,11,11,18,19,24,24,
  18,18,18,13,13,13,20,21,25,25,23,23,23,18,18,18,25,26,30,30,
  23,21,23,17,17,17,23,24,29,29,26,25,26,20,20,20,27,28,33,33,
  17,16,16,13,13,13,20,21,24,25,17,16,18,11,11,11,18,19,24,23,
  20,20,20,15,15,15,22,23,27,27,17,16,17,11,11,11,18,19,24,24,
  18,18,18,14,15,13,19,20,25,25,20,20,20,15,15,15,22,23,27,27,
  19,19,19,14,15,14,20,21,25,25,17,16,17,12,12,11,18,19,24,24,
  18,17,18,13,14,12,19,20,25,25,18,17,18,14,15,12,19,20,25,25,
  28,28,28,17,18,15,29,29,35,35,21,20,21,17,18,15,21,22,27,27,
  23,22,23,17,17,17,24,25,30,30,18,17,18,13,14,12,19,20,25,25,
  20,19,20,14,14,14,21,22,27,27,18,18,18,14,15,13,20,21,25,25,
  19,18,19,14,15,13,20,21,26,26,18,17,18,16,16,12,19,20,25,25,
  28,28,28,17,18,15,29,29,35,35,21,20,21,16,17,15,22,23,28,28,
  28,28,28,17,18,15,29,29,35,35,28,28,28,17,18,15,29,29,35,35,
  28,28,28,17,18,15,29,29,35,35,20,20,20,15,16,15,21,22,26,26,
  19,18,19,14,15,13,20,21,26,26,18,18,18,14,15,13,20,21,26,26,
  17,16,17,12,11,14,18,19,24,24,20,20,20,15,15,19,22,23,27,27,
  17,16,17,11,11,16,18,19,24,24,19,18,19,14,14,13,20,21,26,26,
  17,16,17,16,17,14,18,19,24,24,
};

const uint8_t bnClusterH[410] PROGMEM = {
  14,19,19,18,18,19,14,20,15,20,15,20,20,19,19,20,15,20,15,20,
  14,19,19,13,19,20,15,20,15,20,14,19,19,18,18,19,14,20,15,20,
  14,19,19,20,19,19,14,20,15,20,14,19,19,19,18,18,14,20,15,20,
  16,21,21,19,18,18,15,21,16,21,15,20,20,18,18,19,14,20,15,20,
  14,19,19,19,19,20,15,20,15,20,14,19,19,18,18,19,14,20,15,20,
  19,19,19,25,24,24,20,20,20,20,20,20,21,26,25,25,20,20,20,20,
  14,19,19,19,18,18,14,20,15,20,14,19,19,19,18,18,14,20,15,20,
  14,19,19,19,19,20,15,20,15,20,14,19,19,19,18,18,14,20,15,20,
  15,20,20,19,19,20,15,20,15,20,15,20,20,18,18,19,14,20,15,20,
  14,19,19,18,18,19,14,20,15,20,14,19,19,18,18,19,14,20,15,20,
  15,19,19,20,20,21,16,20,16,20,15,20,20,19,19,20,15,20,15,20,
  14,19,19,18,18,19,14,20,15,20,14,19,19,18,18,19,14,20,15,20,
  14,19,19,19,18,18,14,20,15,20,14,19,19,18,18,19,14,20,15,20,
  14,19,19,18,18,19,14,20,15,20,14,19,19,13,13,19,14,20,15,20,
  15,19,19,20,20,21,16,20,16,20,14,19,19,18,18,19,14,20,15,20,
  15,19,19,20,20,21,16,20,16,20,15,19,19,20,20,21,16,20,16,20,
  15,19,19,20,20,21,16,20,16,20,15,20,20,13,19,20,15,20,15,20,
  14,19,19,18,18,19,14,20,15,20,14,19,19,18,18,19,14,20,15,20,
  16,21,21,15,17,15,15,21,16,21,17,22,22,17,17,17,16,22,17,22,
  17,22,22,17,17,17,16,22,17,22,15,20,20,21,20,19,14,20,15,20,
  15,20,20,18,18,19,14,20,15,20,
};

const int8_t bnClusterXOff[410] PROGMEM = {
  0,0,0,0,0,0,0,-1,0,0,0,0,0,0,0,0,0,-1,0,0,
  0,0,0,0,0,0,0,-1,0,0,0,0,0,0,0,0,0,-1,0,0,
  0,0,0,0,0,0,0,-1,0,0,0,0,0,0,0,0,0,-1,0,0,
  0,0,0,0,0,0,0,-1,0,0,0,0,0,0,0,0,0,-1,0,0,
  -1,0,-1,-1,-1,-1,0,-1,0,0,0,0,0,0,0,0,0,-1,0,0,
  0,0,0,0,0,0,0,-1,0,0,0,0,-1,0,0,0,0,-1,0,0,
  0,0,0,0,0,0,0,-1,0,0,0,0,0,0,0,0,0,-1,0,0,
  0,0,0,0,0,0,0,-1,0,0,0,0,0,0,0,0,0,-1,0,0,
  0,0,0,0,0,0,0,-1,0,0,0,0,0,0,0,0,0,-1,0,0,
  0,0,0,0,0,0,0,-1,0,0,0,0,0,0,0,0,0,-1,0,0,
  0,0,0,0,0,0,0,0,0,0,-1,0,-1,-1,-1,-1,0,-1,0,0,
  0,0,0,0,0,0,0,-1,0,0,0,0,0,0,0,0,0,-1,0,0,
  0,0,0,0,0,0,0,-1,0,0,0,0,0,0,0,0,0,-1,0,0,
  0,0,0,0,0,0,0,-1,0,0,0,0,0,0,0,0,0,-1,0,0,
  0,0,0,0,0,0,0,0,0,0,0,0,0,0,0,0,0,-1,0,0,
  0,0,0,0,0,0,0,0,0,0,0,0,0,0,0,0,0,0,0,0,
  0,0,0,0,0,0,0,0,0,0,0,0,0,0,0,0,0,-1,0,0,
  0,0,0,0,0,0,0,-1,0,0,0,0,0,0,0,0,0,-1,0,0,
  0,0,0,0,0,0,0,-1,0,0,0,0,0,0,0,0,0,-1,0,0,
  0,0,0,0,0,0,0,-1,0,0,0,0,0,0,0,0,0,-1,0,0,
  0,0,0,0,0,0,0,-1,0,0,
};

const int8_t bnClusterYOff[410] PROGMEM = {
  -14,-19,-19,-13,-13,-13,-13,-19,-14,-19,-14,-19,-19,-14,-14,-14,-14,-19,-14,-19,
  -14,-19,-19,-13,-14,-14,-14,-19,-14,-19,-14,-19,-19,-13,-13,-13,-13,-19,-14,-19,
  -14,-19,-19,-13,-13,-13,-13,-19,-14,-19,-14,-19,-19,-13,-13,-13,-13,-19,-14,-19,
  -14,-19,-19,-13,-13,-13,-13,-19,-14,-19,-14,-19,-19,-13,-13,-13,-13,-19,-14,-19,
  -14,-19,-19,-14,-14,-14,-14,-19,-14,-19,-14,-19,-19,-13,-13,-13,-13,-19,-14,-19,
  -19,-19,-19,-19,-19,-19,-19,-19,-19,-19,-19,-19,-20,-19,-19,-19,-19,-19,-19,-19,
  -14,-19,-19,-13,-13,-13,-13,-19,-14,-19,-14,-19,-19,-13,-13,-13,-13,-19,-14,-19,
  -14,-19,-19,-14,-14,-14,-14,-19,-14,-19,-14,-19,-19,-13,-13,-13,-13,-19,-14,-19,
  -14,-19,-19,-14,-14,-14,-14,-19,-14,-19,-14,-19,-19,-13,-13,-13,-13,-19,-14,-19,
  -14,-19,-19,-13,-13,-13,-13,-19,-14,-19,-14,-19,-19,-13,-13,-13,-13,-19,-14,-19,
  -15,-19,-19,-15,-15,-15,-15,-19,-15,-19,-14,-19,-19,-14,-14,-14,-14,-19,-14,-19,
  -14,-19,-19,-13,-13,-13,-13,-19,-14,-19,-14,-19,-19,-13,-13,-13,-13,-19,-14,-19,
  -14,-19,-19,-13,-13,-13,-13,-19,-14,-19,-14,-19,-19,-13,-13,-13,-13,-19,-14,-19,
  -14,-19,-19,-13,-13,-13,-13,-19,-14,-19,-14,-19,-19,-13,-13,-13,-13,-19,-14,-19,
  -15,-19,-19,-15,-15,-15,-15,-19,-15,-19,-14,-19,-19,-13,-13,-13,-13,-19,-14,-19,
  -15,-19,-19,-15,-15,-15,-15,-19,-15,-19,-15,-19,-19,-15,-15,-15,-15,-19,-15,-19,
  -15,-19,-19,-15,-15,-15,-15,-19,-15,-19,-14,-19,-19,-13,-14,-14,-14,-19,-14,-19,
  -14,-19,-19,-13,-13,-13,-13,-19,-14,-19,-14,-19,-19,-13,-13,-13,-13,-19,-14,-19,
  -14,-19,-19,-13,-13,-13,-13,-19,-14,-19,-14,-19,-19,-13,-13,-13,-13,-19,-14,-19,
  -14,-19,-19,-13,-13,-13,-13,-19,-14,-19,-14,-19,-19,-13,-13,-13,-13,-19,-14,-19,
  -14,-19,-19,-13,-13,-13,-13,-19,-14,-19,
};

const uint8_t bnClusterXAdv[410] PROGMEM = {
  21,21,21,16,16,16,23,23,29,29,19,19,19,13,13,13,20,20,25,25,
  18,18,18,15,13,13,19,19,25,25,18,18,18,12,12,12,20,20,25,25,
  20,20,20,14,14,14,22,22,27,27,16,16,16,11,11,11,18,18,23,23,
  18,18,18,12,12,12,19,19,25,25,23,23,23,17,17,17,24,24,30,30,
  21,21,21,16,16,16,23,23,28,28,25,25,25,20,20,20,27,27,32,32,
  16,16,16,11,11,11,18,18,23,23,16,16,16,11,11,11,18,18,23,23,
  20,20,20,14,14,14,21,21,27,27,16,16,16,11,11,11,18,18,23,23,
  18,18,18,12,12,12,19,19,24,24,19,19,19,14,14,14,21,21,27,27,
  18,18,18,13,13,13,19,19,25,25,16,16,16,11,11,11,18,18,24,24,
  17,17,17,12,12,12,19,19,24,24,17,17,17,12,12,12,19,19,25,25,
  28,28,28,12,12,12,29,29,35,35,20,20,20,14,14,14,21,21,26,26,
  22,22,22,17,17,17,24,24,29,29,17,17,17,12,12,12,19,19,24,24,
  19,19,19,14,14,14,21,21,27,27,18,18,18,12,12,12,19,19,25,25,
  18,18,18,13,13,13,20,20,25,25,17,17,17,16,15,12,19,19,24,24,
  28,28,28,12,12,12,29,29,35,35,20,20,20,15,15,15,22,22,27,27,
  28,28,28,12,12,12,29,29,35,35,28,28,28,12,12,12,29,29,35,35,
  28,28,28,12,12,12,29,29,35,35,19,19,19,15,14,14,20,20,25,25,
  18,18,18,13,13,13,20,20,25,25,18,18,18,12,12,12,20,20,25,25,
  16,16,16,11,11,13,18,18,23,23,20,20,20,14,14,14,21,21,27,27,
  16,16,16,11,11,11,18,18,23,23,18,18,18,13,13,13,20,20,25,25,
  16,16,16,11,11,11,18,18,23,23,
};

// ============================================================

// ============================================================
// Common consonant+virama+consonant conjuncts (24), PROPERLY
// shaped merged ligatures - fixes the dotted-circle issue for
// these specific pairs when they appear in custom typed text.
// Not exhaustive - only these 24 pairs are covered; any other
// conjunct still falls back to sequential isolated glyphs.
// ============================================================
#define NUM_BN_CONJUNCTS 24
const uint16_t bnConjunctC1[NUM_BN_CONJUNCTS] PROGMEM = { 0x0995,0x09A8,0x09A8,0x09A4,0x0995,0x09A6,0x09A8,0x09A4,0x09B8,0x09B8,0x09B8,0x099A,0x099C,0x099E,0x099E,0x09A3,0x09B7,0x09A3,0x09AE,0x09AE,0x09AE,0x09AE,0x09B2,0x09B2 };
const uint16_t bnConjunctC2[NUM_BN_CONJUNCTS] PROGMEM = { 0x09A4,0x09A6,0x09A4,0x09B0,0x09B7,0x09A7,0x09A8,0x09A4,0x09A5,0x09A4,0x0995,0x099B,0x099C,0x099A,0x099C,0x09A1,0x09A0,0x09A0,0x09AA,0x09AC,0x09AD,0x09AE,0x09AA,0x0995 };

const uint8_t bnConjunctBitmap[773] PROGMEM = {
  0xFF,0xFF,0x80,0x00,0x44,0x00,0x01,0xE0,0x00,0x43,0x30,0x00,0x62,0x1F,0x00,0x27,
  0x19,0x80,0x33,0x71,0x80,0x30,0x77,0x80,0x18,0x17,0x00,0x0C,0x10,0x00,0x06,0x30,
  0x00,0x03,0xE0,0x00,0x00,0x00,0x00,0xFF,0xFF,0x80,0x03,0x80,0x00,0x01,0x80,0x00,
  0x3D,0x8E,0x00,0x7F,0x9E,0x00,0x73,0xB6,0x00,0x31,0xE6,0x00,0x01,0xC6,0x00,0x00,
  0x86,0x00,0x00,0x06,0x00,0x00,0x06,0x00,0x00,0x06,0x00,0x00,0x00,0x00,0xFF,0xFE,
  0x00,0x38,0x00,0x18,0x0F,0x18,0x0F,0x98,0xC4,0xF0,0x40,0xF0,0x60,0xF8,0x20,0xC8,
  0x30,0x08,0x18,0x08,0x0E,0x38,0x03,0xF0,0x00,0x00,0xFF,0xF8,0x00,0x00,0x03,0xC0,
  0x06,0x60,0x04,0x60,0x04,0x60,0x67,0x60,0x67,0x60,0x60,0x60,0x63,0xE0,0x3C,0x60,
  0x00,0x60,0xFF,0xFF,0x80,0x73,0x30,0x00,0x11,0x30,0x00,0x39,0xB0,0x00,0x7C,0xFC,
  0x00,0x36,0x37,0x00,0x06,0x33,0x00,0x0F,0x37,0x00,0x0F,0xF6,0x00,0x00,0x70,0x00,
  0x00,0x30,0x00,0x00,0x30,0x00,0xFF,0xF8,0x60,0x00,0x60,0x00,0x67,0x00,0x7D,0x80,
  0x71,0x80,0x71,0xB0,0x21,0xF8,0x03,0x98,0x0F,0x98,0x39,0x98,0x31,0x98,0x1D,0x98,
  0x07,0x90,0x01,0x80,0xFF,0xE0,0x03,0xC0,0x00,0xC0,0x1E,0xC0,0x3F,0xC0,0x39,0xC0,
  0x18,0xC0,0x00,0xC0,0x00,0xC0,0x3E,0xC0,0x3B,0xC0,0x38,0xC0,0x00,0xC0,0x00,0x80,
  0xFF,0xFC,0x00,0x40,0x01,0xE0,0x43,0x30,0x62,0x10,0x27,0x10,0x33,0x70,0x30,0x70,
  0x18,0x10,0x0C,0x10,0x06,0x30,0x03,0xE0,0x00,0x00,0xFF,0xF8,0x06,0x70,0x06,0x30,
  0x46,0x30,0x6F,0x30,0x39,0xE0,0x03,0xC0,0x07,0x60,0x03,0x20,0x00,0x20,0x00,0x60,
  0x07,0xC0,0x03,0x80,0x00,0x60,0x00,0x38,0x00,0x00,0xFF,0xFE,0x01,0x9C,0x01,0x8C,
  0x1B,0x8C,0x0E,0xCC,0xC0,0x78,0x40,0xF0,0x60,0xF8,0x20,0xC8,0x30,0x08,0x18,0x08,
  0x0E,0x38,0x03,0xF0,0x00,0x00,0xFF,0xFC,0x0D,0xE0,0x0C,0x20,0x0E,0x20,0x5B,0x60,
  0x71,0xF0,0x01,0xD8,0x07,0xCC,0x1C,0xCC,0x18,0xDC,0x0E,0xD8,0x03,0xC0,0x00,0xC0,
  0xFF,0xFF,0xE0,0x31,0xE0,0x00,0x30,0x60,0x00,0x3E,0x7F,0x00,0x37,0xE7,0x80,0x31,
  0xE4,0x80,0x31,0xEC,0x80,0x31,0xB9,0x80,0x33,0x03,0x80,0x1E,0x3E,0x00,0x00,0x1E,
  0x00,0x00,0x03,0x80,0x00,0x00,0xE0,0x00,0x00,0x00,0xFF,0xFF,0xFE,0x07,0xC0,0x00,
  0x04,0xE0,0x00,0x4C,0x7F,0x80,0x6C,0xCC,0xF8,0x27,0xC8,0x18,0x20,0x49,0x90,0x30,
  0xEF,0x90,0x18,0xE0,0xB0,0x0F,0xB0,0x90,0x00,0x1B,0x90,0x00,0x0F,0x18,0x00,0x00,
  0x00,0x00,0x80,0x00,0x80,0x3C,0xC0,0x77,0xFC,0x71,0xE6,0x77,0xC6,0x1C,0xDE,0x70,
  0xDE,0x60,0xC6,0x38,0xC6,0x0E,0xE6,0x03,0xFC,0x01,0xC0,0x00,0xC0,0x0F,0x78,0x1B,
  0xD8,0x31,0x88,0x3B,0xB8,0x1F,0x98,0x4C,0xC8,0x6C,0x78,0x6D,0x88,0x67,0x98,0x20,
  0xD8,0x30,0x98,0x19,0x98,0x0F,0x18,0x00,0x00,0x07,0x10,0x0C,0xB8,0x4C,0x68,0x6F,
  0x0C,0x67,0x08,0x20,0x78,0x30,0x78,0x10,0x18,0x18,0x18,0x0C,0x18,0x07,0x30,0x01,
  0xE0,0x00,0x00,0x04,0x00,0x0C,0x00,0x0C,0x00,0x0C,0x00,0x04,0x00,0x06,0x00,0xFF,
  0xF0,0x73,0x80,0x3B,0x80,0x7B,0xC0,0x67,0x40,0x67,0x60,0x3E,0x60,0x3C,0x60,0x30,
  0x60,0x30,0x60,0x18,0xC0,0x0F,0x80,0x00,0x00,0x00,0x00,0x01,0x00,0x03,0x00,0x03,
  0x00,0x03,0x00,0x01,0x00,0x01,0x80,0x3D,0xFC,0x77,0xC0,0x61,0xE0,0x60,0xE0,0x7C,
  0xB0,0x3C,0x90,0x01,0x90,0x0F,0x18,0x0C,0x10,0x0C,0x10,0x06,0x30,0x03,0xE0,0x00,
  0x00,0x00,0x00,0x20,0xFF,0x9E,0x3C,0x70,0xFB,0xB0,0x10,0x60,0xF0,0x78,0xF8,0xF0,
  0x7C,0xF9,0x70,0x27,0xCE,0x30,0x00,0x0C,0x30,0x00,0x18,0x30,0x00,0x00,0x30,0x00,
  0x00,0x30,0x00,0x00,0x30,0x00,0x00,0x30,0x00,0x00,0x20,0xFF,0xE0,0x71,0xC0,0x10,
  0x40,0x78,0x60,0x7C,0xC0,0x27,0xC0,0x03,0x80,0x0F,0x80,0x39,0x80,0x31,0x80,0x1D,
  0x80,0x07,0x80,0x01,0x80,0xFF,0xFC,0x0E,0x38,0x06,0x18,0x0E,0x18,0x4F,0x98,0x6C,
  0xF0,0x61,0x38,0x21,0xB8,0x31,0xE8,0x18,0x08,0x0C,0x08,0x06,0x18,0x03,0xF0,0x00,
  0x00,0xFF,0xFF,0x71,0xCC,0x10,0x4C,0x78,0x6C,0x7C,0xCC,0x27,0xCC,0x01,0x8C,0x00,
  0x8C,0x01,0xCC,0x03,0xEC,0x03,0xDC,0x01,0x8C,0x00,0x0C,0x7F,0xFC,0x00,0x78,0x00,
  0x38,0x1D,0xF8,0x33,0x38,0x33,0x38,0x30,0x18,0x3C,0x18,0x1C,0x18,0x0F,0x98,0x1C,
  0xF8,0x1E,0x78,0x03,0xD8,0x03,0x18,0x06,0x18,0x00,0x00,0x7F,0xFF,0x80,0x00,0x78,
  0x00,0x00,0x38,0x00,0x1D,0xF8,0x00,0x33,0x38,0x00,0x33,0x38,0x00,0x30,0x18,0x00,
  0x3C,0x7C,0x00,0x1D,0xFE,0x00,0x07,0x33,0x00,0x06,0x33,0x00,0x03,0xB7,0x00,0x00,
  0xF6,0x00,0x00,0x30,0x00,
};

const uint16_t bnConjunctOffset[24] PROGMEM = {
  0,39,78,106,130,166,196,224,250,282,310,336,378,417,445,473,497,537,577,619,
  645,673,699,731,
};

const uint8_t bnConjunctW[24] PROGMEM = {
  17,17,15,13,17,13,12,14,13,15,14,20,23,16,15,14,12,14,22,11,
  14,16,15,17,
};

const uint8_t bnConjunctH[24] PROGMEM = {
  13,13,14,12,12,15,14,13,16,14,13,14,13,14,14,12,20,20,14,13,
  14,13,16,14,
};

const int8_t bnConjunctXOff[24] PROGMEM = {
  0,0,0,0,0,0,0,0,0,0,0,0,0,0,0,0,0,0,0,0,
  0,0,-1,-1,
};

const int8_t bnConjunctYOff[24] PROGMEM = {
  -12,-12,-12,-12,-12,-12,-12,-12,-12,-12,-12,-12,-12,-14,-12,-12,-19,-19,-13,-12,
  -12,-12,-12,-12,
};

const uint8_t bnConjunctXAdv[24] PROGMEM = {
  17,16,14,13,16,12,11,13,13,15,14,18,22,16,14,14,12,13,22,11,
  14,15,13,15,
};


#endif // BANGLA_FALLBACK_FONT_H
